/*--------------------------------*- C++ -*----------------------------------*| =========                 |                                                 |
| \      /  F ield         | OpenFOAM: The Open Source CFD Toolbox           |
|  \    /   O peration     | Version:  21.12                                 |
|   \  /    A nd           | Web:      www.OpenFOAM.org                      |
|    \/     M anipulation  |                                                 |
\*---------------------------------------------------------------------------*/
FoamFile
{
version 21.12;
format ascii;
class dictionary;
location "constant";
object random;
}
// * * * * * * * * * * * * * * * * * * * * * * * * * * * * * * * * * * * * * //

// tProfile.rampProfile(tRamp=10.0)
// uProfile.ECProfile(Ubas=5.6,z0=0.03,kt=0.18,zMin=1.0,scale=400.0)
// sProfile.ECProfile(Ubas=5.6,kt=0.18)
// lProfile.ESDUProfile(z0=0.03,scale=400.0)
// Covariance = [1.000 0.000 0.000]
//              [0.000 0.562 0.000]
//              [0.000 0.000 0.250]
// L          = [1.000 0.600 0.400]
//              [0.600 0.500 0.300]
//              [0.350 0.250 0.200]
// dEd = 5
// finalE = 0.95

// * * * * * * * * * * * * * * * * * * * * * * * * * * * * * * * * * * * * * //

cutOff 0.5; 

seeds (0.113
0.253
0.530
0.833
1.225
1.750
2.750);

tProfile (
(0.000 0.000 1.000)
(10.000 1.000 1.000)
);

uProfile (
(0.000 3.535 1.000)
(0.070 6.893 1.000)
(0.140 7.592 1.000)
(0.210 8.001 1.000)
(0.280 8.291 1.000)
(0.350 8.516 1.000)
(0.420 8.700 1.000)
(0.490 8.855 1.000)
(0.560 8.990 1.000)
(0.630 9.108 1.000)
(0.700 9.214 1.000)
(0.770 9.311 1.000)
(0.840 9.398 1.000)
(0.910 9.479 1.000)
(0.980 9.554 1.000)
(1.050 9.623 1.000)
(1.120 9.688 1.000)
(1.190 9.749 1.000)
(1.260 9.807 1.000)
(1.330 9.861 1.000)
(1.400 9.913 1.000)
(1.470 9.962 1.000)
(1.540 10.009 1.000)
(1.610 10.054 1.000)
(1.680 10.097 1.000)
(1.750 10.138 1.000)
(1.820 10.178 1.000)
(1.890 10.216 1.000)
(1.960 10.252 1.000)
(2.030 10.288 1.000)
(2.100 10.322 1.000)
(2.170 10.355 1.000)
(2.240 10.387 1.000)
(2.310 10.418 1.000)
(2.380 10.448 1.000)
(2.450 10.477 1.000)
(2.520 10.506 1.000)
(2.590 10.533 1.000)
(2.660 10.560 1.000)
(2.730 10.586 1.000)
(2.800 10.612 1.000)
(2.870 10.637 1.000)
(2.940 10.661 1.000)
(3.010 10.685 1.000)
(3.080 10.708 1.000)
(3.150 10.731 1.000)
(3.220 10.753 1.000)
(3.290 10.774 1.000)
(3.360 10.796 1.000)
(3.430 10.816 1.000)
(3.500 10.837 1.000)
);

sProfile (
(0.000 1.008 1.000)
(0.070 1.008 1.000)
(0.140 1.008 1.000)
(0.210 1.008 1.000)
(0.280 1.008 1.000)
(0.350 1.008 1.000)
(0.420 1.008 1.000)
(0.490 1.008 1.000)
(0.560 1.008 1.000)
(0.630 1.008 1.000)
(0.700 1.008 1.000)
(0.770 1.008 1.000)
(0.840 1.008 1.000)
(0.910 1.008 1.000)
(0.980 1.008 1.000)
(1.050 1.008 1.000)
(1.120 1.008 1.000)
(1.190 1.008 1.000)
(1.260 1.008 1.000)
(1.330 1.008 1.000)
(1.400 1.008 1.000)
(1.470 1.008 1.000)
(1.540 1.008 1.000)
(1.610 1.008 1.000)
(1.680 1.008 1.000)
(1.750 1.008 1.000)
(1.820 1.008 1.000)
(1.890 1.008 1.000)
(1.960 1.008 1.000)
(2.030 1.008 1.000)
(2.100 1.008 1.000)
(2.170 1.008 1.000)
(2.240 1.008 1.000)
(2.310 1.008 1.000)
(2.380 1.008 1.000)
(2.450 1.008 1.000)
(2.520 1.008 1.000)
(2.590 1.008 1.000)
(2.660 1.008 1.000)
(2.730 1.008 1.000)
(2.800 1.008 1.000)
(2.870 1.008 1.000)
(2.940 1.008 1.000)
(3.010 1.008 1.000)
(3.080 1.008 1.000)
(3.150 1.008 1.000)
(3.220 1.008 1.000)
(3.290 1.008 1.000)
(3.360 1.008 1.000)
(3.430 1.008 1.000)
(3.500 1.008 1.000)
);

lProfile (
(0.000 0.049 1.000)
(0.070 0.250 1.000)
(0.140 0.319 1.000)
(0.210 0.368 1.000)
(0.280 0.406 1.000)
(0.350 0.440 1.000)
(0.420 0.468 1.000)
(0.490 0.494 1.000)
(0.560 0.518 1.000)
(0.630 0.540 1.000)
(0.700 0.560 1.000)
(0.770 0.579 1.000)
(0.840 0.597 1.000)
(0.910 0.614 1.000)
(0.980 0.630 1.000)
(1.050 0.646 1.000)
(1.120 0.660 1.000)
(1.190 0.675 1.000)
(1.260 0.688 1.000)
(1.330 0.701 1.000)
(1.400 0.714 1.000)
(1.470 0.726 1.000)
(1.540 0.738 1.000)
(1.610 0.750 1.000)
(1.680 0.761 1.000)
(1.750 0.772 1.000)
(1.820 0.783 1.000)
(1.890 0.793 1.000)
(1.960 0.803 1.000)
(2.030 0.813 1.000)
(2.100 0.823 1.000)
(2.170 0.832 1.000)
(2.240 0.842 1.000)
(2.310 0.851 1.000)
(2.380 0.860 1.000)
(2.450 0.868 1.000)
(2.520 0.877 1.000)
(2.590 0.886 1.000)
(2.660 0.894 1.000)
(2.730 0.902 1.000)
(2.800 0.910 1.000)
(2.870 0.918 1.000)
(2.940 0.926 1.000)
(3.010 0.933 1.000)
(3.080 0.941 1.000)
(3.150 0.948 1.000)
(3.220 0.956 1.000)
(3.290 0.963 1.000)
(3.360 0.970 1.000)
(3.430 0.977 1.000)
(3.500 0.984 1.000)
);

kMainSeed ( 
(-0.01726811326983105 0.05532866003376271 0.06278199508859564)
(0.0023118943504665313 -0.004487752705358731 0.02859879625054219)
(0.01190113723468136 0.05099122736416327 0.21182370844011855)
(0.05709869797262717 0.07672199796357537 0.47087362811027983)
(0.040806052178784746 0.0640628795085342 -0.3344006097346519)
(-0.010879901883718445 -0.021565129533216938 -0.09673895811866873)
(0.002697410709970712 -0.01782034982930175 0.05349065599806918)
(0.04942779593202014 0.05850873997142149 0.3373722853203535)
(0.05626647846207262 0.057664553783685416 -0.3624701119361277)
(0.024772450422955283 0.007979989911136073 -0.1180819707168986)
(-0.0009861084262074115 -0.00629586176528892 0.013262711934059479)
(-0.0185498116134816 0.08876799572957915 -0.15614288260001516)
(-0.0471925362515168 0.12696965783649908 0.5117043166872062)
(-0.03536191851995502 0.10769580564854235 -0.41702313446822376)
(-0.022307841353492893 0.0751410942499059 0.2616853183137103)
(0.05506128901786215 0.1174079923285632 0.4694288540980355)
(-0.011283589489159787 -0.0561034268893492 -0.16652144556421056)
(-0.021576601759265467 -0.08132235000409851 0.2593620751707312)
(-0.012542070915082592 -0.04352583643200046 0.14231069307203967)
(0.012218710961920135 0.04855122327712546 0.15233142278293452)
(-0.04807567064302616 0.1283622530307041 0.0947364616030098)
(-0.015061270165402624 0.06031234430783517 0.08489702463882717)
(-0.04263661630331939 0.19414910469491167 0.29044398951939643)
(-0.0021213488290198613 -0.06542355056697055 -0.15169458516006062)
(0.06686238191612019 -0.22274129055279704 0.6803643904511542)
(0.0036797128096261278 0.04464082008780141 -0.10113956996933252)
(0.06481857250295539 0.18853617276485057 0.5738650205631186)
(0.05007442928297679 -0.14747171166236664 -0.4452023652437265)
(0.005098760773767854 -0.04515658388968925 0.10481515615950537)
(0.023487002246359117 -0.10169790930059482 -0.2728768058021662)
(-0.06538410335895378 -0.16653714097968553 0.10281486698583808)
(0.053879273453130816 -0.14663530432877675 0.11450934541094468)
(-0.04784884388791827 -0.27198416720507596 -0.3998773206625317)
(-0.019141510570710625 0.362277449017581 0.6323854006960401)
(0.005715102850816516 0.5510770531810947 0.9706553197883071)
(0.007730981853939303 -0.11434292113397797 -0.21857209817359755)
(0.012512356414781158 0.12879069096573104 0.2528891493119213)
(-0.055032611347906546 -0.22201251123000793 0.5200174474444875)
(0.0632117151623167 -0.2385082389171405 0.5688788673362524)
(0.05952406411214585 0.21608051592811858 0.5210959739689058)
(-0.03338766005448187 0.08222938112047697 0.04330066236577476)
(0.02866152065216872 -0.10792263619439697 -0.11579501420956202)
(0.013131901696366433 -0.09955830425230819 0.14389957514555946)
(0.018137572967940222 -0.2079860033104773 -0.3037280127224839)
(-0.03673903920071978 0.7600853206133195 1.292702581042107)
(-0.019844866647093125 0.3103455929069055 0.5221177966794601)
(-0.0060099742265493136 -0.13549442942948875 0.2191768940269969)
(0.04495689457321806 0.3022108209984701 -0.5572963254707911)
(-0.007357740817579313 0.11568191631959715 -0.1913174211676641)
(-0.008497424698403077 -0.11121190216348815 0.1870808259636941)
(-0.027960625792300135 -0.09120417426097081 0.07854696656028215)
(0.04075523771036965 -0.15222967493739986 -0.15252903260159165)
(-0.008425538525212729 -0.07012037054980283 0.09711033125176227)
(-0.07036190380653135 -0.38508353866113526 -0.43705676414530803)
(-0.034447574731814326 -0.5314767611970506 -0.711087212872127)
(0.019682674849706365 0.9617449743722181 -1.4208780127956502)
(-0.045057521624577414 -0.4753477756869007 -0.7668700729722568)
(-0.05462159844533492 -0.48236637558815726 0.7936690707630348)
(-0.042197141517769154 0.3543354970699467 0.5868120421217531)
(-0.02086629139754589 -0.2300730837044307 0.3676382556002084)
(-0.03054791998846557 -0.09161561436425585 -0.0683283710599361)
(-0.07744876372559464 -0.22862919854294572 0.1723779011501425)
(-0.05258614113588814 -0.20218913921541715 -0.19626826590262053)
(0.046264397877386065 0.2492680508819103 0.27326382898178125)
(0.0811657896320629 0.5335825336094656 0.5940799989376712)
(-0.06664867915140103 1.2296848702830065 1.5766784890439056)
(-0.015090798248857696 1.6299048371002436 2.2715690065865006)
(-0.03434296189848422 0.5949877378084791 -0.8838965130771862)
(-0.08066935699769949 -0.6299502930455363 1.0234604276765356)
(0.008087859080583055 -0.178299560774336 -0.26029657953343804)
(0.03091741474284581 0.0993762445763766 0.08115379939303842)
(0.042555833393917296 -0.14086136182154144 -0.12124267637009659)
(0.06687030268066584 -0.25354896938638666 -0.24149010806735863)
(-0.028443390255152582 0.18394199174080608 -0.2129408690862588)
(0.07894326991609328 0.4698031111674612 0.5026747152418398)
(-0.01406234477114314 0.23713435240539024 0.2987779328980942)
(-0.013215038442836169 1.2691426218075141 1.7034783159029394)
(0.012027629138034067 2.892753823819277 3.9511156752107732)
(-0.040153462084081666 -0.8175856484534274 -1.1884679393660296)
(0.026387079538835973 0.714869272123223 1.0219337085296079)
(0.021741370400951646 -0.07189525717161895 -0.060755542465919674)
(0.06561756523337184 -0.18686590621563537 -0.13244611237346374)
(-0.05968859388024361 -0.23906571722260123 0.23617926920226057)
(-0.07315428479950531 -0.3168870905870928 0.3106691315815943)
(-0.04028182125442491 -0.2728858498651283 0.3030891788265941)
(-0.03616393541857673 0.3194605384385623 -0.36716189275282135)
(0.08308734838834235 1.077983412599875 -1.30188696910966)
(0.06671190215882784 -1.4026214213518358 1.7696505600273456)
(-0.0836610971262671 2.0548625773538145 -2.9473536866072982)
(-0.00939190412462424 0.9356826672273441 1.2856039718010903)
(-0.041604018772194835 0.10604190938946734 0.056937120695302774)
(0.014891365561895003 -0.06835300294489667 0.07643317382000685)
(0.017061659794776685 0.09785327809239594 -0.1161220856760713)
(-0.02221686652895126 0.1622633868280973 -0.1940607483581578)
(-0.028314842742249807 -0.24308787793351275 0.2857893091887341)
(0.03394036146648971 -0.32165440856216815 -0.3746583161108063)
(0.08533762786495189 -0.8463223918802393 0.9821708760208421)
(0.07271995514676838 -0.9703740860261354 -1.1718359028320962)
(-0.05628304732446553 -3.2230862671368747 -4.254000078931632)
(0.03367939176628187 3.1137151068490145 -4.150135348093318)
(-0.03069977242544374 0.03706539039438002 -0.07349492755694408)
(0.06303785222631553 0.036945105763731646 0.28655736195530085)
(0.06406507399317166 -0.049470927578756256 -0.4476617396649566)
(-0.06392138220385121 -0.057024249922805165 0.41474344436007915)
(0.12192390956649694 -0.0916296998491506 -0.6884675217111066)
(-0.061378849646270994 0.028530968898535323 0.2920378580338523)
(0.1200462436091032 -0.09160430638633313 -0.6450963136804561)
(0.06890202285673612 0.06868479009251414 -0.40580606565296273)
(-0.1077228000343454 -0.10366661592858768 -0.6253926276001158)
(0.1005539419594934 -0.09490082338540297 -0.5794818080340464)
(-0.0898474646558646 -0.14194881956359381 0.14204079792489188)
(0.10224765305257547 -0.1416296641566807 0.2725910321416837)
(-0.07074879210771623 0.1095837709864106 0.44054101787330174)
(0.0995555411455613 -0.10263769016090983 0.6241253541467596)
(0.11037009662958726 -0.10350774835058496 0.6162338311195861)
(0.11639923942839112 -0.11692665462597474 0.6419873271350672)
(-0.11283871266117873 0.10597332446791866 0.5973309260783773)
(0.08203943386862125 0.09674371957030446 -0.474880502367206)
(-0.09989770752842039 -0.15825889849867614 0.6648167338124781)
(0.1255542375403938 0.14586704860369135 -0.7215053427744259)
(0.07692152865529403 0.17897449656091238 -0.1049692037486257)
(-0.061613533413690795 -0.22495965499029638 -0.3102436648556257)
(-0.09090533933020484 0.2537024145872401 -0.4615717989544914)
(-0.0793335678462649 0.2546801356966263 -0.7976195024516654)
(0.10209747405674924 -0.18621454931121192 0.6729556049812199)
(-0.11768686037543453 0.20456101949771172 0.7282838323367018)
(0.12130537204684527 0.22865961658579712 -0.7741235411314455)
(-0.09518509904976609 0.21052621809175953 0.664369230020405)
(-0.09488468150270171 0.20228261912426584 -0.6473811422052248)
(0.11230521723220675 -0.1830140343278802 0.6585877884040489)
(-0.09977241125084214 0.19594940091241722 0.0492683327953736)
(-0.06930923863973941 0.23283074971987575 -0.2578445965970846)
(-0.07882427017017091 -0.37109352442967747 0.5038351842518847)
(0.07367380404090389 0.3372653785302954 -0.7893425185933783)
(0.09080465573106943 0.4063219890828751 0.9256380473606496)
(0.12206882893409372 -0.3445254715891845 -0.8643765551731875)
(-0.08640387743935798 -0.31843843816087875 0.7269380845161911)
(-0.15993418581002747 0.379182951153524 -0.9935614696320355)
(0.10623309104396991 -0.3015859991082081 -0.741492396490622)
(0.16076840033407605 -0.34765820047750545 -0.9427613806277757)
(0.08653141741440788 -0.19334430187776858 0.09146010312745406)
(0.0927718333329956 -0.22443362844707243 -0.1434831641142522)
(-0.11616875577499164 -0.3559051472728542 0.3212095079118233)
(-0.11349706787596094 -0.6048995803085412 -0.7215596018375624)
(-0.0953009925637738 0.5706906324136262 -1.077683945756553)
(-0.12211723872105613 0.6864234823096814 -1.2690244629215466)
(-0.14046943625058686 0.5487507780791692 -1.0872444131071128)
(0.10618805671724564 0.4144555108051841 0.8182765005532509)
(-0.1752626884851804 -0.50831555982501 1.0927819421189597)
(-0.12074057902791611 0.38247657454355477 -0.7999771975631917)
(0.07852542391748644 -0.18302044837148562 0.09405680794648735)
(-0.16166077778098137 -0.41112648604207497 -0.2735467044127122)
(0.14499115997761491 0.43284002800048865 0.35857314030184895)
(-0.09662504071874542 -0.39215369139782 -0.38832007541890395)
(-0.12519729201210744 -1.0582521116322723 -1.2674677127764828)
(-0.13050764323243588 0.9355824391671216 1.5436681749662358)
(0.1386170419993605 -0.9897534785461318 -1.6125807486042656)
(-0.17251220008546342 0.7894792146907162 1.3962262090635813)
(-0.12009470522352153 -0.5169014396446588 0.926836339045333)
(-0.10080492754937816 -0.4975527663123858 -0.8647469928338025)
(0.06658403785303169 0.133699215578042 0.03856283245882447)
(-0.13406972348570398 -0.3213634112193044 -0.18716423950005698)
(-0.15623261507681968 0.4051828835795088 -0.2775335170810332)
(0.1366881605830388 0.480477105840672 0.4242284303706695)
(0.10533534550895751 -0.5879616957001571 -0.6155279724004665)
(-0.11631972007383057 1.5882980242796423 1.9253165819564262)
(0.11725064916267487 -2.334219563786999 3.3134987280721675)
(-0.1085644656046033 -1.6506030076155969 2.3806219473806305)
(-0.18384167480109626 -1.150097232158734 -1.8508334038589427)
(0.14868986360971556 0.8867762543616672 1.4394072076566293)
(0.11764744629070611 0.27759369706510684 -0.1431792689642978)
(0.12756633098312503 0.3450161522046696 0.24480946679367302)
(-0.13186124679202524 0.3781713891796281 0.2900317098516282)
(-0.08925594751752199 0.33475863370708503 0.30530644009223257)
(-0.15698820618957735 0.6960677373610425 -0.6613129110025195)
(0.16477126496786235 0.860863288728027 0.8499146802473805)
(0.08415774950491707 -3.94811979302562 -5.049926053790072)
(-0.17292688759153554 -1.6168233467723634 2.4274298956919886)
(-0.10674108993807918 1.299404693230895 1.8925843656706498)
(-0.09546172051545672 0.937283808009269 -1.3978124243897634)
(-0.09906855237601728 -0.24281804997874334 0.13687094960259885)
(-0.15888337507809402 -0.3930294251458465 0.24096960691567632)
(-0.15336386225303644 0.43222569059587745 0.32468209590521924)
(-0.1425468807665247 -0.4649974112499948 -0.3851789832655415)
(-0.11642249906971372 -0.5343105377320013 -0.5142361956981643)
(-0.1775216651580509 -1.0079893608528339 1.021183590855869)
(-0.0904148121369862 0.9051023393187896 -1.0293478456772904)
(-0.14984579832783165 -4.572953672817023 -5.725396021703334)
(-0.17698904515406624 -24.408034891089798 -32.2531193272224)
(-0.12926333403659554 -2.573630285601259 -3.5958588002377)
(-0.04721316489395225 -0.09015257999959919 -0.01874828806468759)
(-0.08084321660844719 -0.22215456396930247 -0.16092299343708846)
(0.09793522899265708 -0.30612375173813333 -0.2552425082846996)
(-0.1162669950735005 -0.42389881460264034 0.37921244752283784)
(-0.10724846329308745 0.5514741386409978 -0.5550913757464758)
(-0.16324402747612224 0.9247891461593928 0.9360754709540451)
(0.18696633828519624 -1.2265730818911416 -1.2804784787083225)
(-0.18098110163184564 2.3151106389040295 2.7124354738791148)
(-0.1181471885152221 2.00064751009551 -2.410312503224825)
(-0.0969644297626924 -13.433938224063512 17.747345676164738)
(0.05674713479086255 -0.07779215435579741 -0.06425704791307028)
(-0.05954748123218178 0.022961812028157617 -0.21386919351642214)
(-0.13656116044324199 0.06707691649136646 0.37423924608956255)
(-0.16114171521148737 0.04139836402618873 0.6626590474041997)
(0.1839569531352915 0.1029185022263431 -0.8192083300832576)
(0.17808157624537713 0.1100905637160886 0.7849153138136288)
(-0.11581129996823096 0.07378932463986197 -0.5074191378942992)
(-0.10039371200213587 -0.05098632845865913 -0.41009494648850703)
(0.11779397683004111 0.07198401612335704 -0.5069153835006902)
(0.058388235230681367 0.012016735563133055 0.2004798283353156)
(0.09005455407809657 0.13166393043660857 -0.05833074510858545)
(-0.1342501420215277 -0.13692939202720095 -0.20612280571579464)
(0.16171701340802688 0.1465034085529898 0.45684510063873673)
(-0.15860947125905359 -0.17608825340569748 0.8954599368678942)
(0.21135054469164719 0.1412470833166094 -0.9077575534387731)
(-0.2065988314617846 -0.17450612195220763 -0.9273078093197316)
(-0.15645602724992022 0.18921599355906102 -0.8066328762298669)
(0.22421235449652677 0.20409456929877562 -1.0166664795304923)
(-0.15284075822127313 -0.17420966850365086 -0.762898392124219)
(0.17238634900013083 -0.1544123571835316 -0.7760142940622241)
(-0.1851285302407251 0.31633078508694185 -0.10722562767243646)
(0.13497081142360803 0.23547212736218345 -0.2175610177756113)
(-0.12369190295271773 -0.1846747614236989 0.39246992621840426)
(0.1308005605882401 0.217933411639908 0.7154532876784656)
(-0.1496417542974795 -0.267392712779567 0.8653886784007192)
(0.218503463114793 0.23706205378362713 -0.9414031784020006)
(0.16263339190255807 -0.2226067234329716 0.7727988299341002)
(-0.2010824993733532 0.28270872366117356 -0.964721288661657)
(0.23553163338171593 0.3166130861140904 1.1036170960703515)
(0.22982617006828007 0.2429509485545712 -0.9595015265134621)
(0.18793577865700484 -0.3231092009676723 -0.06154017274880851)
(0.15253402183489093 -0.36944986867992136 -0.2919729503723566)
(0.1484080255771915 -0.47503691391872244 -0.5053105128326849)
(0.12602308392642192 -0.5200168522564518 -0.6735124352700329)
(-0.17783088609772443 -0.5456996022209518 1.2428829349681203)
(-0.15924507103225527 0.30853814136804175 -0.7936810865273978)
(-0.1908621879878036 -0.4293133900893357 -1.0298560302840867)
(-0.22475960769637182 -0.340953908105514 0.9549903194944199)
(-0.20337398974556212 0.320049118188574 -0.8812167952778729)
(0.2044617054310249 -0.3190477894864941 0.8817275139474762)
(-0.054179434079662324 0.08603242331045857 0.005488807221598338)
(-0.17155050149658393 0.34267553009534785 -0.16925165426778738)
(-0.2439641912284989 -0.6048260637242684 -0.45583496725012174)
(-0.14262792025341176 0.6521782606233825 0.9501915456013175)
(0.12958918619868337 0.7368826198636971 1.1620858691686495)
(0.26152877641401334 0.8420083179919551 1.610015975564674)
(-0.25095375711017986 0.6335657864816916 1.2858782393870067)
(0.2811676322260611 -0.6907180039594217 -1.4090129056575398)
(-0.2686392331843571 -0.5026518711350456 1.131220830801377)
(-0.2724600098591057 0.5980476009224439 -1.2671442412763223)
(-0.12723630450301832 0.2389505347704363 0.08021054384902868)
(0.17806018176193225 -0.417386560143685 0.2712897655320463)
(-0.18749919447894597 0.4943191241320166 -0.37594461255481143)
(0.2537928605419495 -0.684053156081384 -0.5127590763381765)
(0.23179179288390922 1.1170085523900208 1.1076578683128038)
(0.13939675276811198 1.339994108289085 -1.7452015354535273)
(0.2336724355172324 0.9176050334415876 -1.5320491471920823)
(-0.2290199143357748 -1.0284396446656208 1.6601181043625983)
(-0.22939487551755697 0.8585822832632832 1.443760391794398)
(-0.24818081707319112 -0.868542926563405 1.4850416236223554)
(-0.1675479458529832 -0.3174369559378851 -0.10870100723447033)
(-0.21046005626830697 -0.41901093636121267 -0.19183344570532257)
(-0.19903866452406796 0.4941394711497585 -0.3427400487639134)
(-0.21502557619115345 0.6702042453505599 0.547524821863955)
(-0.28600350999849267 -1.0110159328000095 -0.8526425794594493)
(-0.14196269988813565 2.2654684953659237 2.7404381755503726)
(0.18289572993011882 2.9937384646667105 3.43263487500829)
(-0.2303636429267519 -1.0969056280188454 -1.6965355940778977)
(0.30876798296034824 -1.2243003593242556 -1.9688382334097427)
(0.29894485175157187 1.097496129784569 -1.7980853477510055)
(-0.15127134538284634 0.28320957327698304 -0.09186651943262152)
(0.21480332580446193 0.4678355022346293 0.2591833600271657)
(-0.23642113060692674 -0.5345694754573942 -0.3260630633582718)
(0.18185263248079497 0.5726381946151112 -0.4670605075017349)
(0.279503831919589 1.088743411212036 -0.9547297966650011)
(-0.26625747275956846 -1.2748749647675732 1.1817051284603135)
(0.20581834378416772 1.9366663660193242 2.0702116583635903)
(0.2318349509550355 -2.7856559865320687 3.7456221521066513)
(-0.22013045326701647 1.734871471905305 -2.44317271407891)
(0.2507830993878935 1.4145512799187852 -2.096987525793854)
(-0.16149405316685686 -0.3301222355724607 0.1449976253814198)
(-0.21553758915175072 -0.4498352262624639 -0.2281320834570055)
(-0.22274503194691384 -0.5251897264017875 0.3385430472299433)
(-0.21608188198604744 0.6668746759670129 0.5353963581017017)
(0.19544747220181677 0.7179038930965728 -0.6109596845418785)
(0.22093657350514082 -1.11669087350287 -1.051742457819237)
(-0.2568056541808056 1.4396845761632129 -1.3826265604858965)
(0.32895517361311516 3.613689285413532 -3.924237932390789)
(-0.1972269471830292 7.352977750997524 -9.25312889579381)
(-0.2356737201145397 -2.9405310268851954 3.9309568198481384)
(-0.17391289952713745 -0.36551713879178477 0.17307660185069768)
(-0.21060081592067534 -0.4747764258329832 -0.27959529445660675)
(-0.2329320206780783 -0.5568592619016243 0.36531972442870675)
(0.2299199731657529 -0.6340424021341837 0.46685872556955904)
(-0.2535327678400349 0.903146572943397 0.7563783881363438)
(-0.18864691641687714 -0.8695829053300597 0.7938631712175153)
(-0.33019292785590665 1.9374197967456577 1.8834934882473253)
(0.30974303698877814 2.3647851969209674 2.428555419140429)
(0.25885776664404003 8.574038054245378 -10.071020020763399)
(-0.294337495232883 -8.99999385995595 11.40166780580299)
(0.0517045520030803 0.04402725136883858 0.09994896072513142)
(0.041618415504421045 -0.010596729019604513 0.13038831579653273)
(-0.1993019865750697 0.09727468526905134 0.4191666618180606)
(-0.21383507777590047 -0.07783948179701444 -0.771084144519496)
(0.2339758884180509 0.05446313729025075 -0.7135169089976039)
(-0.24532838195352585 -0.11012994677806136 -0.8212747449859259)
(0.16649902471398798 -0.04915494949223181 0.4994016924582591)
(-0.21723053206716955 -0.11681303947419383 0.7502178632687841)
(0.12192699104022992 0.0288039264049368 0.3499682831623161)
(0.12005825312052174 -0.025869055003797006 -0.3397809530289282)
(0.10032826428186963 -0.11162389095219988 0.10302657082285714)
(0.1658296700949003 0.16201937012311324 -0.18182271150774643)
(-0.2155545606666912 0.12975101387329274 0.40197355118083)
(0.24390521954563862 -0.13003790939783683 -0.8785525450486049)
(-0.3215343613878282 0.1150468988096976 -0.9669421007310139)
(0.33584985781479876 0.23263153289803357 -1.175743950357463)
(0.32380322351928537 0.17203705973403127 1.0220880514957391)
(-0.3433787562693437 0.23687264383877898 -1.1771770717575627)
(0.27363335006463735 -0.18675146568040193 -0.933670658870127)
(0.23098145800038802 0.20052952301245483 0.8654570591361632)
(-0.17934910300145462 -0.22461234095818347 0.08200462255539476)
(-0.22122926589892117 0.2529478573843189 0.2994158311402738)
(-0.2725393719084111 0.25114686372562706 -0.46378691222678653)
(-0.22701684969835298 0.3119011098983741 0.7843012665897378)
(0.34369273698839276 -0.21305731279553294 -1.0369642171406266)
(-0.3725830822550688 -0.35816448282672264 1.286903563860257)
(-0.3748215671716706 -0.38087253817600003 -1.3089823529466214)
(0.27660170277039936 -0.2498554623552943 -0.9119329918660527)
(-0.399859422972976 -0.36996104302340116 1.3315532262355887)
(-0.32397692398969996 -0.3553952336193312 -1.167609819733192)
(0.32742475616347055 0.47307467995776725 0.029931829140001635)
(-0.2847612995793285 -0.3442626293332956 -0.15802801991644472)
(0.21994275059451468 0.5478852673303963 -0.5087581740747665)
(-0.3248122709595695 0.4499098792252216 -0.6169733969103025)
(0.3342911141614765 -0.45846403037829825 -1.2151311539366902)
(-0.370187024892568 -0.448615471223058 -1.213980975752452)
(0.3777374878293143 0.5074454667211908 -1.289804673033029)
(-0.3758674741919746 0.5306801355678884 -1.3140372808843497)
(-0.4223157549642252 0.5229586634043504 -1.3742792705913982)
(0.3319483935297975 0.5088802989559545 1.2150147950169303)
(0.3301969540540124 0.5154239182123366 0.10175807154526696)
(0.2659855612375855 0.46548560244464426 -0.19213932962756197)
(-0.3253159836217739 0.7552541138625896 -0.5355168306729619)
(-0.26751033284650944 -0.6120859790186018 -0.9346423228289503)
(-0.2970334211795813 0.8526125216727102 -1.2664083693444537)
(0.35876701831960583 -0.7283422873504484 -1.3974329084398291)
(0.4310725257753529 0.8665946476999054 -1.6455807463372292)
(0.35954172770000387 0.607930329967952 -1.2265208277845132)
(-0.45442090739706814 -0.7770622472795514 -1.560022410384407)
(0.3523354884686539 0.7388700145585144 1.37596134481007)
(0.23188743038688076 -0.39996392395236197 -0.1313592677693932)
(0.3194641741413993 -0.6021401900773659 0.2857878294962161)
(0.3360840722310467 -0.6731491059238792 0.37268687360850705)
(0.39040217116074905 0.9464972731105232 -0.6372993287682931)
(0.23943496226198085 1.521449867946729 -1.5319529313477376)
(-0.3098471781509705 1.6201426387308409 2.272030301432489)
(0.3152175040449846 -1.4822775672011432 -2.0912520901384903)
(0.38590899738358037 0.9730631269344379 -1.5903772619777372)
(-0.5285259960544292 1.236708556011532 2.067219951289249)
(-0.47517975153579517 -1.0371218829069053 1.7732262920392945)
(0.1546005998339907 -0.23183612727149946 0.032520720997950406)
(0.37314534743220196 0.7077376914519173 -0.3327336312702999)
(-0.3104700193527735 -0.6730453696430917 -0.4047417231428039)
(-0.3312814136558941 0.9197233746173813 -0.6704983057961972)
(-0.32062745887650873 1.4955797269227513 -1.3247705561220975)
(0.4389288478066214 -2.1954466139830986 -1.9311729268764566)
(-0.45142366630963476 1.6612374370491538 2.392042334291093)
(-0.47907899228570017 1.9546204969654153 2.741067741981686)
(0.478053670111148 1.6317232902167385 -2.380830321982138)
(0.3603274925777501 -1.5400568537873467 2.1377909666975334)
(0.266330127275874 -0.4555330004409132 0.14156543570387475)
(0.25854506618103823 -0.5132854068447117 -0.2620476093954895)
(-0.39212146322742 -0.7661535042164095 0.39528680271729577)
(-0.3199261545493592 -0.8380654799183843 -0.580277933284665)
(-0.4386150956996644 -1.2839232680786208 0.9194027468516388)
(-0.48235493522380357 -2.3326291155824275 2.0135275481965746)
(-0.22578116794672992 6.106479092204381 6.914289694895508)
(-0.39039150575571446 -4.604834741467769 -5.517003524014064)
(-0.3615293147860613 2.474484348190304 3.1433387322174347)
(0.5143460669477804 -2.328524699196525 3.1647228063896566)
(-0.09119568710294794 -0.13404034820018007 0.015064550073629689)
(0.356491337586717 -0.6483063634611119 0.2750088664588833)
(0.4101804828923707 -0.839934323889319 0.46381332551277143)
(0.4742204457546481 -1.1258870839520274 -0.7168084824360123)
(0.325477094711816 1.0609469991113254 -0.8053261869588525)
(-0.357796902097344 1.7160830679310957 1.4751436764661756)
(-0.5174212039826981 2.793447162258969 -2.4526291464745156)
(0.3355162936020931 -5.431062687095939 5.550969046892569)
(-0.3714705693942883 -9.463032202867458 9.91697457999243)
(-0.4991385714039851 -6.402863674684293 -7.598233402721494)
(0.2590613354050036 0.46184398849688685 0.16617005622598255)
(0.26245493435199296 0.5061856962805827 -0.24416457431755806)
(0.3930443475886854 -0.7942323250508933 0.4302507995932164)
(-0.3308223239489525 -0.8114356074273125 0.5315547344835976)
(0.5204183859596611 1.553406874740441 -1.1233028891819483)
(-0.3868437987651935 -1.460426758911586 -1.1552528775603046)
(0.4806992417542865 2.4355449875251267 2.1027046378582153)
(0.43936449681290446 4.049479048582867 3.912634188224421)
(-0.46423961634375244 -14.821151608436589 -15.672725475506363)
(-0.49280870351491474 -16.713089030674723 18.87254311520924)
(0.07428678276264243 -0.07358708134901726 -0.08508260805528454)
(0.055350333087412676 0.029458946380678575 -0.10778882771539243)
(0.19333829914534165 0.09932157664119924 0.31624114762135236)
(0.2787584642684437 -0.05447152156461858 0.553237840367861)
(-0.35762517241595465 0.06672203284088062 -0.8919941011852958)
(0.323281562485322 0.0998330454458644 -0.8426787979289112)
(-0.3703892207066439 -0.09110513101669938 -0.9100230633996064)
(0.273599741825446 0.10440658079248734 -0.7331677339493988)
(-0.2563390770159404 0.10327310838817362 0.6959798842512593)
(-0.32042302569386294 -0.11023845020554048 -0.8373614013440469)
(0.09373063620953438 -0.10572388271431805 0.06155628167528802)
(-0.2682087511030945 -0.21113313973395942 0.3167900466018978)
(-0.30535455606820383 -0.12282488554208257 -0.5085258452627965)
(-0.35421659876426437 0.17831027832446303 -0.6727716546903636)
(-0.3846953682189373 0.18417916138944382 -1.04135713134521)
(-0.5536302191828821 -0.191831726357038 -1.3483791053343501)
(0.34453533299203704 -0.15960577668710538 0.8912353566297638)
(0.351784994780571 -0.19476444726406272 -0.957204829972194)
(-0.48814081365983036 0.26728038552696903 -1.3224954702702076)
(0.2752980213075553 0.13776878059600625 -0.7250286605686224)
(-0.2179933376798782 -0.23145124923163177 -0.12948359195265136)
(-0.28543564702491336 -0.25861568129783835 0.2040686363368927)
(-0.3631440861974204 -0.2512314087065525 -0.41754367595562397)
(-0.43279356147470055 -0.2832183567003622 -0.9412422180459611)
(0.5318975852717502 0.25069735459391784 -1.2564108303396977)
(0.5245006715780438 -0.25486504912037555 -1.2017734381119654)
(0.5567073316127711 -0.4041848738914054 1.4480936544252019)
(0.440222801487704 -0.2930295140847466 -1.1020456648095307)
(-0.4843327193113392 -0.3893594696167178 -1.3076207586150648)
(0.5827762749581388 0.443525556324845 1.5376029118451846)
(0.3437133686012707 -0.3712537493733374 -0.13743857246327093)
(-0.4947864146941315 -0.46034708820539155 -0.2499520981328115)
(-0.42408674685596903 -0.46342988033045873 -0.4445018342203367)
(-0.4725780578058591 -0.5478610309699914 -0.6412225064153987)
(-0.5110397237529503 0.3461456579430317 -1.1152713432348917)
(0.4796958474397209 -0.5734592390679595 -1.3548068478215045)
(-0.5307239650729009 0.5247959469499655 -1.3414497918667503)
(0.5560779439033575 0.6311698745731285 -1.4999893696362103)
(0.43631921386442757 -0.43932032404324095 -1.1072709066687796)
(-0.6670533117008367 -0.6480604645134317 -1.6632738379276772)
(0.573419309633741 0.7581534326465542 -0.13317120665879076)
(-0.4808374149763685 -0.7918913766218157 0.30073446772960555)
(-0.5247944042083125 0.646332482458239 -0.5512291450671141)
(0.40609076438241964 0.615700701459434 0.6885720451336997)
(0.4732389067172642 0.7630290153671596 -1.4440784595409033)
(0.45297374778272353 0.7182010022046524 1.3198550764952546)
(0.6514692378055909 -0.9894569781200108 1.8239764083666823)
(0.7409616753402478 -0.8491693897340046 1.7636154938654218)
(-0.5526411758299135 -0.7891985398175875 -1.4851880026807687)
(0.7697064967267688 0.9282595916338268 1.8810898705546382)
(-0.19226111345643343 -0.25338616345137643 -0.011669620353495506)
(0.47425533232385797 0.8089697778843811 0.32148250815740653)
(0.5698555203773643 -0.9478582390844627 -0.3831823191588854)
(-0.35825379484811737 -1.1464370940916504 -0.87279571305442)
(-0.4971232704771891 -1.5774500582253417 1.140061440167463)
(-0.6713250113246002 1.491539012380026 2.2631835270710283)
(0.48590967658992046 1.236831388555661 1.7768220187830701)
(0.645137513661935 1.4938361051587379 -2.198813805582054)
(-0.7703362513598178 1.3609537327545123 2.191657539991229)
(-0.7940304391340359 1.341713508730412 -2.196281663449297)
(0.3331216781602993 0.5144545143009723 -0.1255064418298681)
(0.45648300295052746 0.7499148918640521 -0.2648431313850166)
(-0.427373324905643 0.8246621069380196 0.4181785154336844)
(-0.4486526027668741 -1.089544694487221 -0.6790170037558793)
(0.5850013296739531 1.692367965441305 1.1335894872402243)
(0.4321390649387093 2.0932376095522907 2.188957076378634)
(0.6432781572238325 -3.5624997616664635 4.19931421789078)
(-0.6623969364411851 -1.59854982085209 2.25285518222634)
(-0.7102683392153522 -2.003536494308411 2.7016660057092716)
(-0.6640427563148107 1.4273529887728513 2.0834674389792966)
(-0.4164490441095541 -0.6703367597061152 -0.19325909908770297)
(-0.47781923914178404 0.857556227017305 0.3695420509732001)
(-0.5475835352142454 1.0479705699564816 0.521116575852403)
(0.5607486176271481 1.431433158462321 0.917977449719895)
(0.7337695314725522 2.2425405320300418 -1.5325835736039681)
(0.690045361890061 -3.0826514914184546 -2.378675773360088)
(-0.6534349628948639 4.174555660250608 4.772962451383951)
(0.8743920449823824 7.161206151808049 -7.913672945288623)
(0.6683725018776078 -3.863701324535522 4.462267789660441)
(0.9308799091344988 -4.261696497105409 -5.114237569738507)
(-0.22860967293359147 -0.3351580751282947 0.06122560331462574)
(0.5037581443469786 -0.8187112402602299 0.2784078355147885)
(-0.6350480266757352 -1.2397180643142298 0.6324238817298303)
(0.7855433706807015 -1.731012884192241 -0.9832363006680449)
(-0.6034708639620321 -1.556810987770682 0.9623717136846183)
(0.6410875898165073 2.296186794096562 1.6396255635001449)
(-0.8539296995728001 -3.3292512951384134 -2.428608642900332)
(-0.887015557195246 -9.573857208023735 -8.518562225780876)
(-0.4447968197734417 -39.00352972977147 38.706345466710275)
(0.6033776955078906 9.480797548874595 -9.899917423564077)
(-0.39270072977441284 -0.6282412105729415 0.17674340575365305)
(0.40432679056217613 -0.6938332943408343 -0.27097451969951064)
(-0.4292095782259171 -0.8163214029479756 0.40171215498498636)
(0.6266530727451637 -1.5204125331870868 0.9368377462884094)
(0.7134275058930023 1.8481835334442895 1.1459467569959236)
(0.824357443821917 2.777322345103173 -1.9332211663585803)
(-0.8986844213917973 4.152254542214151 -3.1935132001038182)
(-0.742695663563457 6.698628362572993 5.838310262793133)
(-0.680572342394539 -10.940738933645623 -10.057433224789989)
(-0.7441664490645384 -22.033070251407707 22.349572709354895)
(-0.06326951111014782 0.06329921685982035 -0.059454063497447314)
(-0.0531703687241017 -0.0199461817048476 -0.10915039568556208)
(0.16400756771776034 -0.07416798651531016 0.2562827871600795)
(-0.263976075701309 -0.050115854666514636 0.4719054278429346)
(0.5172538329381211 -0.11358143070931968 0.8139934600838952)
(-0.5461770964113506 -0.09228824741982646 1.1673248587197322)
(-0.5530801444773961 0.12760460952971703 1.218305479010143)
(-0.5253283636080424 -0.13936613356300676 1.1808774813095608)
(-0.22114717977648557 0.025151179708149927 0.442962168774762)
(-0.30129590492891 0.06369974091690937 -0.6507957776197995)
(0.15119750027126982 -0.14078304907088107 -0.14020622001963698)
(0.2197472801644239 -0.16592293190015206 -0.23705811342718777)
(0.37470101273166206 -0.24505118316042956 -0.381298387559177)
(0.5242210485968063 -0.19077282581941 -0.6891721159540855)
(0.6255961706663014 0.11134564678595557 1.2751199169874852)
(-0.7113535240278805 0.23800268590918824 -1.5607510267099522)
(-0.6290221980976488 0.1691916305613169 -1.296280327591067)
(0.5605000555495407 -0.15681162344499788 1.1590935432960994)
(-0.7077881414914898 -0.2771875068628704 -1.5814850011104393)
(-0.638425696368689 -0.228861029235254 -1.394669895149036)
(-0.25349593104385393 -0.2622534895724386 -0.13248357927169224)
(0.32746817168945674 0.2805507100969346 0.22279157429250024)
(-0.44589431068422264 -0.30059361264286644 -0.3505966426857651)
(0.7493509385637283 -0.29785037371090395 -0.7816491111340353)
(0.6469341550075509 -0.33334204076755447 1.430718966474482)
(0.8899642205314716 0.2744071799988843 1.6425723201055489)
(-0.9672845642737357 0.3356869338977122 -1.8078236888698997)
(0.8505396681114321 -0.40445921961796094 1.728220280569536)
(0.7635209150628693 0.3514013152432944 1.5346604554833907)
(-0.6692274276835243 0.3403255475516864 -1.3880981046109775)
(-0.15283571082094496 0.1877966217541277 0.010384827431683284)
(-0.575306442956919 0.5474007826922557 0.21751947368606175)
(0.6772081521204973 0.4917991835052129 0.3724758564328058)
(0.9370298815545252 -0.40841353137591013 0.7527656306944696)
(-0.8920588957060516 0.4529099486559556 -1.5069060453297642)
(-1.0732583719444935 -0.595942346956136 -1.976165878832826)
(1.0034809369919844 -0.48387389309155565 1.735009024483409)
(0.7660717461436379 -0.5572187464402336 1.535290355269139)
(-0.8602653340709273 0.5317128729444212 -1.614612272109481)
(-0.9245974188695187 -0.6379796457022899 -1.8117807046908865)
(-0.2706845687459113 -0.3280197747828324 -0.012973857932612586)
(-0.8043610200047286 0.7551920664750627 0.2570784564312046)
(-0.7350090814559221 -0.8561843779445154 0.49467663515223215)
(1.0639020933090069 -0.7749115598256083 0.6910059580119969)
(0.9580583881032371 0.6687523402916744 1.6945949027713623)
(1.0162291159159078 0.8179943728077721 1.8994980796048482)
(-0.8249239789322488 -0.8997884237778448 -1.7611629527370993)
(-1.06828597595034 0.8835934446520638 1.9839361105791682)
(0.7865590366578862 -0.9163806178811356 -1.7306033551034077)
(0.8768315194395286 0.7833321881862543 1.6864815631854608)
(0.8027100303836301 -1.046687707567207 -0.07358283122435584)
(-0.9673877494198263 -1.3500993283476261 0.27994605172632914)
(0.8704162499200009 1.324644851087729 0.4385217847455014)
(0.6491662500163531 1.2574516498766104 -0.6247208911388759)
(-0.9375543920553148 0.990234371218094 -1.5685295383504037)
(0.8193844387793688 -1.5136385344203707 2.2490923337106485)
(0.8932424987173969 -1.7031997118081292 -2.4688926401314797)
(-1.022060947658409 1.3617917104269832 -2.2543908148519494)
(1.1269207417085088 1.7108185591847027 2.683717322545511)
(-1.1811301185238712 1.5562549109596597 2.5872403500709242)
(-0.5594653786037366 -0.8481869769062073 0.20501684071456794)
(0.7880480438640862 -1.214518882464778 0.36475090954441636)
(0.9853215293418256 1.602263031523826 -0.6011965540656864)
(-1.0210798298014871 1.9504685269484654 0.9294588666928019)
(0.847101125918028 2.057439190519268 -1.174331611157032)
(-0.9850091108728245 -3.755318050797089 -2.948313063920932)
(-0.9700485872639362 -3.5874253650761725 -3.320412760247974)
(1.3094832004571606 2.649170263735368 3.6355999776739067)
(-1.1685832377808647 -2.576320362074522 3.4386418397225755)
(1.3100909823639748 -2.569685071269009 3.5603192414118507)
(0.24375716119897675 0.33029628946125966 0.03897718747023202)
(0.7627143368766324 -1.2495904934589666 -0.440245346649772)
(0.7580709331455191 1.4002812922368102 -0.6458256880306981)
(0.8996542565306999 -1.9616726943145113 -1.0601295606806624)
(1.1002366292065953 -2.628830781341854 -1.4705910685110766)
(-1.2527950131441767 3.6267387783856266 -2.2262529432236233)
(0.9802730038787709 4.7655648212099235 3.496483143060804)
(1.3761541112359854 -5.991548166565772 -6.720758105572338)
(1.2330171951742825 -4.311923823648149 -5.0503556210493565)
(1.2430222791072614 -2.9079223616970657 3.7751228191315995)
(0.47845715792095705 0.7363371355680641 -0.1881713120491086)
(-0.7987042845068899 -1.2381025936345127 -0.3754245218077713)
(-0.9511494495371087 1.6735923265185595 0.7160259246105503)
(0.8466448883993749 1.5978089912715625 0.7428095595513191)
(1.1953023266439409 2.7160203173718314 1.4606988096793234)
(-1.2766825509339186 -3.4996995660041317 2.0821931341583695)
(-1.1001780405957449 -5.3197054596699 -3.8904084322583725)
(0.7987619298790982 -17.32303922248451 -15.120240106122155)
(1.5711800203077362 -22.981074464975343 22.395989165805375)
(1.6930012310380353 -13.872843142968796 -14.185710984498584)
(-0.5693470181387404 0.8495132547661904 -0.18995674141569097)
(0.5773097152119866 -0.8785109349857261 -0.2517165968542095)
(0.9292436972948834 1.5816990118253318 0.6402325258408167)
(-0.988097714811882 -1.949285476652638 -0.9529967202171039)
(1.2064404696127953 -2.881965706923127 -1.6083364986605033)
(1.1641283067613364 -3.3750193534905693 2.0689574741805776)
(1.319929523552957 -4.365664456788753 -2.8177692302433357)
(1.3364227183485449 10.184114230504619 8.11141990722356)
(-1.7334345419881902 -19.941766885456104 -16.664306391523652)
(1.3722330034835934 -42.79388960589929 -40.307575845693904)
(0.04841928842239469 0.042664112757959234 -0.05457801375690929)
(-0.09147479843383523 -0.04565340485051229 -0.15504319901607794)
(0.12224783112151562 0.03996304969054288 -0.20992387846180424)
(-0.23303655405885618 0.07945661111654653 0.33559789920758065)
(0.29276557388192753 -0.04263354603821645 0.47366493906888724)
(1.2911158067276884 0.09654264009846582 -2.445161961013091)
(0.16994103596882848 -0.005780278609785495 -0.30583678764439)
(0.6433247358419328 0.11859987934328023 1.3028207471006887)
(-0.5010254801170665 -0.07824847751506948 0.9919146001316389)
(-0.6025179803356489 0.09344296298357557 1.1917428976626614)
(-0.2081645633168484 0.20551085288069756 -0.1556820369823887)
(0.26249333726016866 -0.22436208646047515 0.21532806885513522)
(-0.3848814194798163 0.2184221108951746 -0.4269585813697147)
(-0.4667546751205953 0.14145734267065505 0.62822650749369)
(-0.6859038123305423 0.1478507316696873 -0.92556569498286)
(1.1700161289135964 -0.14046068777565177 -1.6721977785491875)
(1.5912405124454696 0.21185955012957508 -2.8224905010298222)
(-1.2678910985845107 0.21778516806811649 -2.309631188117521)
(0.8039125924924205 -0.22521732230552793 -1.5899599306809453)
(-0.6711773877546703 -0.19018231518487685 1.3304972417430323)
(-0.20094703985822823 0.2195016623070686 -0.07475745885674305)
(-0.45336573411320746 0.3699158329365899 0.3176526097360848)
(-0.6132540368399636 -0.36388432319473685 0.5297064168371737)
(-0.720529055054007 -0.3615971762678326 -0.6043526781758435)
(1.2867094224885705 -0.35802718788646704 1.3489942648826072)
(1.2823987046315126 0.21808040578824817 -1.8391401711175428)
(-1.137860600363596 -0.4700936196289165 -2.1325408958897576)
(1.3199378602667315 0.40228013840850835 2.279469177368119)
(1.1535366367300042 0.3984821128027662 2.050885955328988)
(-0.9287959293099559 0.46110277909726216 -1.831788011967088)
(-0.3170846687179355 0.3408142804021245 -0.0883993036322692)
(-0.5697949679051832 0.43886347469853215 -0.3475128259919773)
(-0.8437557389621928 -0.5951448451872042 -0.4562196217481794)
(-1.026410083849146 -0.43343511681634334 0.7972170592984361)
(-1.1784398724080876 -0.5642706716537425 -1.2240324542140184)
(-1.7611762839103369 0.376820197313405 2.042960859400235)
(1.208914658104306 0.6694691175311516 2.099871152983177)
(1.3908369098393671 -0.6159273094016259 2.23381205587372)
(1.1780803368611816 -0.5901432765900887 -1.9664187216832443)
(-1.1739293729399025 -0.6365043742117193 -2.0136562208237803)
(-0.6266796212632042 -0.6480134360136001 -0.16811446086233725)
(0.8251092395428006 -0.797460803546704 -0.20928480849413128)
(0.8999494108464187 0.6257133456709714 -0.4182068792667974)
(-1.1638952773567117 -0.9471418245566059 0.7706620186579368)
(-1.81346281950623 -0.6002796350812428 1.493953912879683)
(-1.742727046830062 -0.8695177650854974 2.5926834177472915)
(-1.8594093827004863 0.8544530581179095 -2.6517993227999357)
(-1.8813717337843223 1.111479643899979 -2.9152858842881364)
(2.0168656548121624 1.3249819532625395 3.2543918957107056)
(1.2742678459936305 0.846029250729861 -2.064537562969079)
(-0.5535067838260279 0.6478759007687129 0.03437519964533975)
(1.1377820294385927 -1.5686326394865384 -0.31473028051981805)
(1.5074616430305061 1.2086526908621387 -0.4582899341986765)
(1.3872976041872551 -1.6381435807577651 0.6997293092639996)
(2.0311199727397775 1.5807456059263263 1.3528230219580513)
(1.5073076368494058 1.3484670379761072 -2.6382690145905863)
(1.574567144201734 -1.7227829030950554 -3.0056205124710105)
(-2.4696145337700535 -2.2124478782118735 -4.245148047834054)
(-1.7905214099710869 -1.6249751035288647 3.0944824247471012)
(2.041757597929044 -1.522067090785867 3.2245243007813738)
(1.7144325076682168 2.225692669558159 0.17693823066742215)
(1.511094880525091 -1.9640220467399727 -0.27195527554355015)
(1.295779761125277 1.9658134824681321 -0.6299254456441244)
(1.8699998945430016 -2.477040165389622 -0.5778165497029069)
(-1.9955073068348594 -3.3152012274285134 -1.2630082556161113)
(1.654819376828463 3.010120655714179 -2.0982677596092)
(1.5799717159572984 2.0387052856075925 3.2011474649422924)
(2.515882057033806 -3.5718827500444417 5.367814091136694)
(-2.10331659509601 2.3628456693615774 3.9270010223146046)
(1.9497817765817398 -2.972515585124935 4.339151813064138)
(0.42392151557730406 -0.5475467508120627 -0.04057308945669744)
(1.4831370646163793 -1.9515159247329399 -0.2942041908560691)
(1.508335755160173 2.1454075812134255 -0.5742464618570934)
(-1.743357286549681 2.9703374713817303 1.187760426719425)
(-2.2460997230120303 4.160113738209559 -1.8079449512515111)
(-2.104064742366865 -5.15977677672499 2.7998683663233814)
(2.4071797978063967 7.307820005069188 -4.421103838729748)
(1.6854735332122563 -6.4562766298161 7.1565920514169585)
(-2.0784602025291607 -6.732514508442582 -7.733051929901171)
(1.7581679826095409 4.691746020660282 -5.653682835463372)
(-0.7834259507883783 1.1148362337022655 -0.2014613495042992)
(1.1647794407644017 -1.5783990642838837 -0.28416994138934554)
(-1.4177970343090744 -2.099343595584338 -0.6283181812210248)
(-1.6287474786725888 -2.549892759645012 -0.8864068692219901)
(1.5275725437407217 3.421521265789653 -1.7756418690638238)
(-1.9873355515226578 -5.435500518135623 -3.144006604232678)
(-2.6113487131216813 6.955989709255124 -3.9257660679458146)
(2.5249516761475563 -12.165615455349423 8.59109612520443)
(2.3953542136669834 -29.537185889204924 28.12221676034759)
(-3.2576173325127438 -10.994196361218355 -12.486426231881465)
(-0.6539799460534828 0.8995782867107079 -0.1301089801433981)
(-1.1859019358988672 -1.700470617155366 -0.39819708196342096)
(-1.114855682498126 1.6963172068668408 -0.5425466017617928)
(1.6356653592382722 -2.9239165750316833 1.2472421409454724)
(-1.8823101244540488 -3.4799473832778687 1.506289897136736)
(2.3211828443639893 5.34253275136585 2.7687153156264674)
(-2.856373293349853 -8.51833393109703 -5.099689321378912)
(-3.2103726497086784 -13.731409202901133 -9.38759824837984)
(-2.838897418240966 39.80283476447558 32.715756050650235)
(-2.0657372179665403 -127.22679741035648 -114.06808360571256)
(0.02138190746531269 -0.008827993670984307 0.044883868611736176)
(-0.1104213106250901 -0.08025194010425589 -0.13265640371655865)
(-0.22612911844114358 0.12637985489924963 -0.2834436194841839)
(-0.11447142402416793 0.026599822987710513 -0.18315989856122572)
(-0.4505543346288072 0.11995009255729794 0.6291189460533335)
(0.5323820741539678 0.11112655358714776 -0.7567623161825819)
(-0.9629576651770657 0.024368262206472285 1.6169903917263928)
(-1.5855803596332605 0.05484760777728288 -2.795314150700692)
(-0.7174989450342051 -0.09762910484948968 1.3758215661520807)
(-0.3002024366722567 0.010971481891304525 -0.529755872984075)
(0.023333059623950953 -0.029116649233300183 -0.004855122113771783)
(-0.17649784760794335 0.13681905605116465 -0.16783603698816393)
(-0.3047115831622726 0.1508681061575977 0.3697281820976996)
(0.4096733180739644 0.17692106362363216 -0.4570583716153746)
(-0.5941666965657448 0.21194509131000114 -0.6616859894003875)
(-1.3222689490887887 0.22881308167977424 -1.7556736628447471)
(1.8436059671818221 0.1734572408576528 -2.6150806333384353)
(-2.310634123582421 -0.25363895761943905 3.937008271899412)
(-1.9054852169588465 -0.2986810177535314 3.3726384361775468)
(1.2406388975924327 0.18676661794464278 -2.1848342333382957)
(-0.2754835201217295 -0.27388481618646504 0.14635669765174458)
(-0.41584513806776036 -0.31364184498693876 0.32710637466116316)
(-0.5368732193049505 0.29398365662741344 0.49187810747370825)
(0.7386872448480092 -0.3200202568681316 -0.6788992630709664)
(1.20942093957414 0.3772010392888262 -1.1910467377423801)
(-1.5961794591534375 -0.29842341884833923 1.7549749037467455)
(-3.2599505356108476 -0.31940105096455274 -4.70665216553371)
(-2.3243246819343666 -0.4126997020379666 3.575958244754443)
(-1.9690800196713876 -0.3322931679387207 3.0043768642116158)
(1.8470210306808492 0.46389731108527255 -3.0115124637064783)
(0.33671608331179237 0.3469729671883282 -0.11275372196279013)
(0.7413406744841173 0.5931354100385767 0.40910910295197517)
(-0.765564430192349 -0.4858075095573506 -0.47666236129158546)
(-1.1144229415953633 -0.48359012201428636 0.8327534489406028)
(-1.670018823037149 0.5178372424450174 -1.3549395962694932)
(-2.2316813023586928 -0.5102825232984917 2.144382863351693)
(2.2207148215698345 -0.47881687300906417 2.9711172846382348)
(1.780543590857064 -0.5705090934813579 2.576841537068286)
(2.0625932979379593 0.8581015018022952 3.1989030797523)
(2.6467695813011827 -0.752513804435151 -3.722321533137625)
(0.5939503107301769 -0.5636310683321815 -0.22162490468077345)
(0.6271469329907821 0.5349856969194001 0.24490748670427542)
(-1.3151992304030702 -0.9604222032276372 0.542461541520646)
(1.5209476412991392 0.7903510589721789 -0.8311208803220955)
(-2.6670891518860342 1.0608653258382168 -1.6229730829467628)
(3.71630828229133 1.1754867872034105 -2.4470526149719642)
(2.8363002552954977 -0.7827213839378852 3.426706406001985)
(4.036494035410249 0.9639455887907418 -4.777719501531978)
(2.891040499999003 1.3322824925936465 -4.043402499909758)
(3.3110503409919896 -1.2212252432397177 -4.3350977083696)
(-0.5212560476992041 -0.5930757240450465 -0.050133848041570284)
(1.5553369572164797 -1.4004121140949009 -0.4589924482421576)
(2.0216939797704376 1.5426332578376782 0.683140011674963)
(-2.857074079942694 1.87696171578105 1.0330157446290844)
(-2.696827891138773 -1.525410674650203 1.1839178884648394)
(2.8451466616156376 -1.46102201102364 -2.965204577303918)
(-4.546238211789244 1.409516690997023 5.303796828643981)
(4.669701622391706 -2.417874384756362 -6.306004848690923)
(-3.736141104742261 1.6133413895734756 4.749753730926551)
(3.0020135400362236 2.3982236402448165 4.817819698886921)
(-1.9870521044149105 -2.329592385215638 0.09145593210997637)
(1.7266183926776055 -1.782196381857209 -0.22199897942533256)
(2.1012428524155715 1.7244055132289857 0.551349109796424)
(-3.2647935932514116 -2.5867205838813567 0.7002199089323198)
(2.2702727117319363 -3.7252262462513386 -1.4693028755873347)
(-3.3533440453504917 2.9792746049402754 2.502426093539465)
(2.765721610751221 2.3903778883223934 4.4810676868691095)
(3.1054645046072675 -4.287678370907678 -6.426708393783235)
(4.5756411497460086 4.0028834830950695 -7.420962208173018)
(3.64388796466988 3.424965847283943 6.1175625018825075)
(-1.5424862857877921 -1.9300722368947127 0.07988074728618927)
(-1.9187527736662102 -2.594965547419832 -0.46751773537821284)
(1.8084243253410752 2.5071759078607783 0.6195492020452384)
(-4.468586860899737 -4.994826343892056 -0.7696084115129014)
(3.1453425064687712 -4.266887475470805 1.6411751291845589)
(2.787128234652247 6.380450561807776 3.2696954418925506)
(2.5086731936723594 4.709884078418752 6.2544550807546715)
(4.76255717112056 -8.29856270593666 11.26491762276198)
(3.762020584910154 7.91468067263311 -10.080429318968802)
(3.852581401210818 -8.441276023541885 -10.614563537051279)
(0.7914281536401321 -1.0456116046957842 0.10811364638042423)
(2.073944721531652 -2.6538134732283334 -0.3311615059168913)
(-2.979680820068272 -3.960156770805309 0.8390132203000669)
(2.0253568003916547 -3.020543753560722 0.9504224850667894)
(3.814568429723927 5.727801740057415 -1.8189013360225332)
(-5.362065962473184 -8.223505912688717 2.6873960605919067)
(-4.307065516964447 12.239875861204933 7.083212071490918)
(6.887476227562317 -27.32501985837729 -18.05966594389704)
(-7.148821673335955 12.348450068944413 16.76766066529296)
(8.06915601082666 18.547154520743476 -22.948399336629034)
(0.32185314930413056 0.39987782627641044 -0.013278608406056791)
(-1.5038693418439495 2.047510465132652 0.38176357370755154)
(2.6967264608435904 3.514495179842021 -0.6847437938342451)
(-3.1643291746143385 -4.451460658531916 1.2242748630613804)
(3.251709564775131 -5.150849254858395 -1.7956507583050445)
(3.6635923952105465 7.109087469603143 3.1570670895392143)
(-4.606658382825561 12.374545445891751 -6.947187474566609)
(5.278560899638749 -22.31943321463437 -15.041055524351568)
(3.9519708387644172 42.77508616041425 33.993000401178584)
(4.06377358376088 48.1504288466152 45.38359117014969)
(-0.03252536446517664 0.022237225266138454 0.04925568129503269)
(0.09705293252402955 -0.0607024391653689 -0.13587529124971448)
(-0.10282868374061502 -0.03655761723877305 -0.16719673978287997)
(0.05735370404581384 -0.006413322472713832 -0.10317871739420362)
(-0.18154913555893987 0.03330773659238986 -0.2765257956853215)
(-0.4882652482837036 -0.11880049927319275 0.6648618876340335)
(0.591321360205234 -0.02802805142517038 0.9691009873643215)
(1.787925519507438 -0.09353639189153767 -2.9022062453456154)
(-3.9959437876911923 -0.13638148117561646 -7.008802367145128)
(-1.325492293490481 -0.11261256368707244 -2.427496238020643)
(-0.1501454114416712 -0.15103528083130513 0.1029385249363906)
(-0.29314603298689434 -0.21684751585520748 -0.29668829674829456)
(-0.2952856683202468 -0.16645293066826322 -0.3213681506519474)
(-0.6204748951444754 0.28514893744708963 -0.661692920531633)
(0.5428700734983171 0.1680462736759482 -0.6402644324357739)
(1.0862687593911904 -0.2663150335765826 1.3223630588026534)
(2.837435434296606 -0.1648013840856027 4.154791796536102)
(-8.495095782682208 -0.18379040019031873 -13.348192348609844)
(4.182307789932279 0.23974752062821822 6.777596292657639)
(3.213216491283708 0.3148501002625821 -5.395072784851463)
(-0.23715597733186647 0.23731176196956105 -0.12245146391033981)
(-0.3670620582959779 -0.31786569776009044 -0.2184592448318074)
(-0.5530486160737069 -0.32782954168716755 0.46576109318828485)
(-0.6118296816322637 -0.30102108438054437 -0.5088092572520752)
(0.8999547895043156 0.31924578572451046 -0.8311819393492573)
(1.7701484739739277 0.4880439574978249 -1.7358020880884806)
(3.6570960372373964 -0.4804866805111786 4.19259324541928)
(-6.006552892869263 -0.4222430324190585 7.317984763810197)
(7.337964679048267 -0.4277252016221787 10.127802508660594)
(-2.7916166143795604 0.5196023477490874 -4.305251713097512)
(-0.25937901359185983 0.25482169572160623 0.1050658405844971)
(-0.45519944721362193 0.36911713218541153 -0.24248437722469565)
(0.8395090737915144 -0.5215707089960057 0.5346792437756464)
(-1.2233488201338214 -0.6867731582776826 0.7193666946626541)
(-1.7179465795810782 0.620290870387465 -1.2867440271620987)
(-1.8051501892551067 0.5554735628233739 1.3927766098491403)
(5.757337820220377 -0.7977085473147016 5.4310776370489755)
(-6.956960208640485 -0.40686346667856355 -8.03131270883076)
(6.047654033547943 -0.6906973851230153 7.3464913160995895)
(4.9135859065781045 0.8535664101266129 6.289246140591966)
(-0.5010397863932854 0.45768529286077286 0.20966592794218414)
(0.915302158754041 -0.7134227378113479 -0.44111886264865274)
(-1.3254810425233594 0.916458727488102 -0.6038531618130869)
(1.6202531983853827 -0.8202986070908063 0.9046078355743843)
(-2.253983559615622 0.9591319489693655 -1.3013331124385108)
(2.761628609129004 -0.9781168101721343 -1.706858172045289)
(-3.966687792115355 -1.0929475118126268 -2.7093195060739563)
(-20.777047788322726 0.8460432636794556 19.364438563852286)
(-6.127146194287301 1.3446307887930629 -7.104057123393407)
(-7.661232566458375 1.5271409048304068 -8.732233596694162)
(-0.3923656159260983 -0.4416685953929269 -0.04304959687662473)
(1.1045685841214326 -0.9107242917983219 -0.4238001386996966)
(1.7831706063112673 -1.403906991761611 0.5514419246568085)
(-2.5485589791220136 -1.3719555189282928 -1.221675364280562)
(3.664488893193964 1.6603522286743804 -1.8480176816683391)
(-4.263742500035857 1.2734449815150075 2.6434922617927916)
(7.930655797127679 -2.4961325399865983 4.709768324212334)
(13.676080466253758 -1.1037756204772275 11.940668335768379)
(4.400861216058005 -1.777656906715791 5.4633333410782265)
(8.82567047546015 -1.94795339372458 -9.490403733298674)
(0.8238985799315973 -0.8937961766915218 -0.12498480405397674)
(-1.5071688227666347 -1.3794206967556024 0.39577068299382656)
(-2.6540965780531076 2.325696152751353 0.5340961492994662)
(3.272699108376976 -2.0983980608180373 1.1815618369879943)
(-5.6235131697585 3.5604648725061248 1.801922121498263)
(-6.287122134268757 -3.2554870642701395 -2.5347075624754547)
(-9.572662401237322 -2.736910107719908 5.734707536384289)
(-16.06770621861253 -2.629895385479644 14.16810452015005)
(7.387390671964196 5.0335589841333315 -10.682283418127795)
(10.744726212378588 4.607440633131423 13.148598569299482)
(0.9116737216910772 1.0531797215578398 -0.05774761677984871)
(-2.9504768019497614 -3.0161361824488533 0.4002130800828746)
(-4.710502386022585 -4.3240950071447966 0.7246407708388)
(-7.314885899824935 6.261134209928738 1.082731894521268)
(-9.142618238725738 7.95639999975709 -1.1935506811886563)
(-7.509757215932201 7.704014001029984 -1.9239257451821903)
(11.927936685554483 7.016239777468066 6.684794359425086)
(-18.2817748912023 -7.698643667858968 22.04152613700679)
(9.597888194033663 -11.303134536097613 -17.889094525080292)
(17.200757886599654 -8.800859559966902 22.07905518622925)
(-1.3549432792445941 -1.715955118159076 -0.09684858079414732)
(11.551168309868467 13.411145806833614 0.281116638276512)
(9.290395480524122 10.709057199649111 0.8832732494093644)
(-13.689692131998253 -13.004389577717802 0.771243746599065)
(-6.247065889004349 -7.922564682232107 1.6462093181735908)
(13.27071076337432 -17.32524730795978 3.96699057785903)
(-16.71677294235307 -23.69380778409435 6.631607089418126)
(-19.808526839609726 -14.610135323097415 20.218314649916973)
(21.36466169874037 -51.5448181853093 -31.118857549248986)
(23.993323551625732 -26.06697004957592 -42.727091527645776)
(1.665079960713159 2.2029291501568706 0.23299582975369065)
(-3.1891050052235537 4.094870206960076 -0.5285155864084259)
(-3.6504179399247443 4.701386733746109 0.8689503678087237)
(-6.743938187989154 -8.383635780831968 -1.537926064425915)
(-5.876450450341461 -8.453434136670449 2.4604052447120974)
(8.719636958991124 13.69754570263932 -4.651436426718675)
(15.82532512065127 -24.504878625156195 8.088249752923318)
(24.399560060038283 -56.63739353125282 -28.85456776855578)
(-10.918131980726276 -53.660779056646525 -37.52624729921894)
(12.058277973895327 -170.1819344869445 -158.0228096330459)
(-0.09055327757261292 0.08309960056156672 0.09201480112646743)
(-0.16462582432210904 -0.12288165851335255 -0.19007834441115726)
(-0.2255363830906988 0.11162474925900598 0.3080129319500297)
(-0.18951427762849726 0.05221822411604856 0.28780099843772694)
(-0.36011053498354323 0.08674383054790083 -0.5150014048195649)
(-0.3301116198961785 0.06744245699753924 -0.4692928009088581)
(-0.20361860465902487 -0.012763277766323114 -0.3286879313279202)
(1.1836379236595485 0.12113667757390757 1.829647413477746)
(-3.3953324533421685 0.14081812222875953 -5.56036757858997)
(3.418146312734677 0.06349417361824101 -5.910014410275457)
(-0.15179894123008175 0.15161958128102096 -0.10616799257453018)
(-0.32053689302839516 0.24042362369211723 0.31806607565224854)
(-0.4241039686928391 -0.2628423100465349 0.4199659997840683)
(-0.5118864186997598 0.22331501380644916 0.5645561634244871)
(-0.6321487029312749 -0.2257723624936769 0.7000575847734302)
(-0.9637756012245395 -0.2426513046609714 -1.1635968293327617)
(1.0506542506267111 0.14816166237594763 -1.4126517821047466)
(2.269327224477146 0.20619769701121649 3.198796946694003)
(8.540759547321866 0.2879248662783384 12.727144108373704)
(5.722134045016602 0.17082293969497106 9.045407296645879)
(-0.2516835507951419 0.24977973841798448 0.13338794801822618)
(-0.40117265222344844 -0.32536521787111594 0.27560178736623814)
(-0.555438207738234 0.31418537372243055 -0.49061910103624196)
(-0.8045050371956075 0.3489813458397872 0.7348729656477451)
(1.2015101661268914 0.48305982635940753 1.033451918499018)
(1.1669946023432762 0.334999960513157 -1.126472796281368)
(2.23689697479866 0.3993949738231884 2.42869437411734)
(3.048358378292363 0.5359947487533414 -3.303953835849274)
(-11.413917477339174 -0.3187962046601607 14.500114052135745)
(-10.754307272361547 -0.3336735884449333 -14.46193553426137)
(0.32797388450478304 -0.3065408413561729 0.15655020265147004)
(-0.6364021077796459 -0.5159930984457165 0.3387693994998992)
(-0.8766850510300797 0.5333442562964507 0.573062021384661)
(1.1159128370162823 -0.516609533163615 0.7901897081199553)
(-1.7125858964824576 0.6206059106891337 1.2793288011657364)
(2.6427269016953665 -0.8128351779319276 2.038256167099152)
(2.9117270300285547 0.5629311902257002 -2.569851650530635)
(4.492629816149944 0.624052431598905 -4.21349674232329)
(-11.553364900729957 -0.647443282170939 11.875674789496259)
(-13.930991827187674 -0.7363363861672075 -15.977593956568612)
(-0.4430330767665908 0.4290469603672066 -0.15229539407602807)
(0.8222050502868014 -0.6787751993018653 0.3473209569098555)
(1.484656576989848 0.9700473462319174 0.7425971219541038)
(2.0367665334471705 1.0872036459768173 -1.0754475478248327)
(-2.3269141220947582 1.0903126373252228 -1.2407747538824228)
(3.304996824909087 -0.9673670777760999 2.2422456748859165)
(-4.328775528830973 -1.0332882295002972 -3.110155657146955)
(10.940063182729945 -1.3051127027987006 9.091050124293734)
(28.45916298927537 1.5861807397723995 -28.44841000620768)
(20.754945723503624 -1.60037988799278 21.181510738666763)
(-0.7056294703001775 -0.671864370202742 0.2312775245768314)
(-0.7595616095785913 -0.6622833564758623 0.2480604279921535)
(-2.0020278485905365 1.4692127442002183 -0.7359763886373948)
(-2.971174619985934 1.7819157235097816 1.2391192999235083)
(-2.6896396288982487 -1.3022652736019238 -1.2761368861775337)
(-4.434643583379063 -1.553174108200403 -2.5382262039111163)
(-7.477704593631161 2.501443835959811 4.303748649554528)
(-10.633771447247694 -2.297275929551174 -7.229866690469339)
(-51.688161464637346 2.6909238156132833 42.798580045465776)
(21.00222628468825 -2.9148065427579795 21.014303069066646)
(-0.22186603094498275 -0.2609480781875897 0.00881962099810798)
(1.4307291917886313 -1.3247685225012833 -0.35751196788468964)
(2.6466021067886243 2.0196886247637926 -0.8513664390916673)
(4.0077696981014865 2.762397514180617 1.2570414610784235)
(5.211054282580516 3.0795512868216828 1.8710680397495028)
(-7.887840007102112 3.860915617873278 -3.3760206821235896)
(10.564860175620272 3.7479036158680037 5.683205831734276)
(-15.147295868863166 4.8002250689498664 -8.607723220795213)
(-24.652253415327735 -3.9539685410957026 -24.334665633927376)
(39.05941247744393 -4.522122565116461 37.02858873265971)
(-1.043492498066473 1.2115074528483045 -0.0585279190331232)
(-4.015140702770718 -4.136578009212409 0.5069293718762662)
(3.1617465545970327 -2.747866078850276 0.6492638555380759)
(-3.9491314843220513 3.003080651053684 -0.9500428957974042)
(-6.475513711758841 4.345470082321739 1.8235118835129789)
(9.671274518292437 -6.385540217894868 2.6298408431597866)
(21.321568040355963 -11.824103863963245 -7.617582807795365)
(-24.15616188671803 9.445792873600084 -12.018235975145522)
(127.71313988124028 -11.907830793962326 96.59996737480634)
(48.689557963051925 -15.503426925351546 -54.276125641020755)
(4.151570097697173 -4.925063160686089 -0.10596396250813826)
(-7.253592862471725 -7.87188174584612 0.4546898101050775)
(5.1187702629771 4.9166220387583115 0.553376516171894)
(-9.984793706606565 -8.753475557260268 1.2729561108170246)
(24.119626493805125 -21.098978170437228 -2.298193045037922)
(19.876446629709097 15.037285563706467 -3.7041917561180995)
(44.123953706204276 34.5949048243104 -6.88927421488856)
(36.800514237247036 -47.37273738988071 20.07531808135452)
(-54.10376420454219 -50.284414110845084 -88.92248293644796)
(-68.88325904148192 -21.819847947638525 76.5297046763213)
(-6.376626888863675 -7.8563037435104865 -0.19412174564708082)
(12.174060726771135 -14.299649151210554 -0.4877817520205495)
(10.140354653047698 11.396894625159883 -0.6573958575875685)
(19.747105405075338 -20.95813182112908 1.0237367426372355)
(21.19956748692162 -22.833125935344672 1.8923553643295887)
(-25.508656054659465 29.22498835050233 -4.0239531143503084)
(-62.19810116439342 72.6233630080707 -11.111687444795132)
(97.72686184351944 -115.90192484151939 -19.058594656374744)
(-138.0235901201989 308.658042284362 152.91033946075572)
(-150.18186114263324 -580.0245293305201 -629.5295754409532));

pMainSeed ( 
(-0.1268621328897278 -0.060237936417147094 0.018193347044096246)
(0.00026685808741542963 0.0005599132762676113 6.628966474867856e-05)
(0.10653968803892358 0.05746152281882491 -0.01981825856015486)
(-0.0023502920985771602 0.00099662625833825 0.00012261349431086547)
(-0.08574505593764135 -0.05017690268299973 -0.020075902680571578)
(0.001942688012017909 0.00017061154741356734 -0.00025652038810285827)
(0.0685530315787625 -0.040763071629455354 -0.017037141555493168)
(0.00039844381472395037 -0.0004457781635435239 1.8933739874599633e-05)
(0.04388604900178739 0.026158644714599263 0.010973980681471453)
(-8.412945267786218e-05 0.000240540309775407 -1.3938067712131777e-06)
(-0.11944618554747323 0.05857546869139171 0.018924950260492353)
(0.0016267474730238076 -8.733406435497346e-05 -0.00024290783151587774)
(-0.07999457567169066 0.0532694232150901 -0.020595384888106638)
(0.0025439473461360967 0.0010128411607937724 4.5848502042820265e-05)
(0.08061049927635192 -0.04868591042799703 0.020851604700474452)
(-0.0008162565445103001 0.0007303290542879323 -8.691909356862863e-05)
(-0.06447203647970279 -0.03960340197487628 0.01771160795800807)
(0.003499196151694326 0.0026132147273215563 0.0011104689239711688)
(-0.04133333496535918 -0.025454896376243773 -0.011428173380724268)
(0.00032790937842114916 0.0005536151908581604 -0.00020275084479191198)
(-0.1118254272107488 -0.05736301494644857 0.020975698241587116)
(-0.0008842202578781576 -0.0009295831815738704 0.0005035260175735386)
(0.09514167325642688 0.05541761372163415 -0.023077637386763834)
(0.0036494020113156285 -0.0007484637846139091 0.0002717664808760839)
(-0.0235997842059489 0.013749983163051874 0.006820796097891529)
(0.011292534987310957 0.005423011262882261 0.0028044508776576033)
(0.061273659209638516 0.039357497906338995 -0.01985132868994952)
(4.2416453484278695e-05 4.070820717000935e-05 -8.713631356182425e-06)
(-0.03922275202422934 0.02523246861108531 0.012778681672739394)
(0.0002679065353016459 0.00019280328560673305 -4.879626766702818e-05)
(0.10649066965391593 -0.056532835414672224 -0.023848883939678975)
(-0.0015130284710580019 -0.00048504829062505394 9.078447691095771e-05)
(-0.08943052358174794 0.05392544578251863 -0.025977267936656643)
(-0.0032489189407957186 0.0006027857788283773 -0.0004436612707975825)
(0.07196770545556415 -0.046873222555598525 0.026187930980452294)
(0.0023821560136113706 0.0004212751006163263 -0.0001361263443029592)
(-0.05751523982473039 -0.03829665342428096 0.022349332312339293)
(0.0006979383867863172 -0.0011340457354526295 -0.0004102996363703738)
(0.03683803223043289 -0.024545051855948748 -0.014384067967049158)
(-0.0005766223892497608 -0.0008350924391249619 0.0004121507819839916)
(0.09393306945748009 0.0508877972752887 -0.024209021948806596)
(-0.000288273953783995 -0.0008221866553483496 0.0006949364958283385)
(0.07886517038544828 0.048544357489280925 0.02638884961293738)
(-0.00017043505092573558 -0.0009711244955578686 0.0006548260813771204)
(0.0634087427358861 -0.04240063213100924 0.026732888801605945)
(-7.405707739863137e-05 0.0030470605312821852 -0.001813980419845184)
(0.050747359388878706 0.034431374396048035 0.022676887417001294)
(-0.00014158287466981196 0.001455722104371907 0.0007779879861430644)
(0.031966350956421745 -0.02186915606601659 -0.014452766456678612)
(0.00042067609819710863 -0.000172068289349072 -8.317997428929323e-05)
(-0.08364244060583216 0.04571808388239166 0.02331070424912906)
(2.8071136482309052e-05 0.0005525572585392681 -0.0005439722824986371)
(-0.07019125288101029 0.043612130118998636 0.025401000978294334)
(-0.0003079139130783919 0.0005713499793607343 -0.0004538359293474696)
(0.05649065010537321 -0.038092573718748496 0.02573432834016865)
(-0.0018725250391018495 0.0034207217715865657 0.002289433464211315)
(-0.045194368996669364 -0.030970391684514584 0.021852532323775938)
(-0.0009410831330612257 0.00010054676490689836 -3.657804668766869e-06)
(0.02892483435468541 -0.01984572266447782 0.014063428732364837)
(0.0001697315259889804 -0.0001756124652029628 -0.00010026713315067093)
(-0.07502608983099272 0.04114247936102212 -0.02162209505372545)
(0.0013415353624153092 -0.0011639940890263761 -0.0009410880355730519)
(0.06294922602054633 -0.03923751753366459 0.023555224222870066)
(0.00028649532532580904 0.0004333505811342727 -0.0004438018338565153)
(0.050706779324858973 -0.034266529334075285 0.023849255625191513)
(0.0008513875043284493 4.6505499308291086e-05 -2.8113295002349096e-07)
(-0.04054188853897649 0.02736935845424537 -0.019907499645554935)
(0.0012227272452175635 -6.56543589414432e-05 -9.170260601707152e-05)
(0.025953711690292387 0.017868012989704186 0.013043620341112309)
(4.302675179813872e-05 -0.0006765511792718093 0.00046476512533358294)
(0.06493681459851568 -0.03564620117815906 0.01891109460008246)
(0.0006646161003379162 0.00019429810615922855 7.540217944128903e-06)
(-0.05451828999507444 -0.034002028952089224 0.02060343127122019)
(-0.00012181379317628991 0.0006098833310269289 0.0005430989006132836)
(0.04388792232221257 -0.029688572552840825 0.020854694568162347)
(-0.0016592094693679916 -0.00033034908285271944 0.00018409907214585636)
(-0.034550545692040455 -0.02414634478836176 0.0177217216447083)
(-0.006086968792105031 -0.006769801069802887 0.004974944129755396)
(0.022463410988650147 0.015480711381821423 -0.011408630158144157)
(0.001009007283969979 0.0005208652065773131 -0.0003904121013208142)
(-0.050858399929925024 -0.02792341801411752 0.014843584169546963)
(-0.00033499598263283457 0.00024046075982570172 -0.0005052284082810452)
(0.0427044138888771 -0.026636735325826846 -0.0161697672726723)
(0.01915500317994124 -0.012342926857605328 -0.008079475455113729)
(-0.034356033428178376 0.02326545758773125 0.0163809562188453)
(-1.5095378183421931e-05 0.000504302385071357 0.0004402706896963206)
(-0.027477485414288568 0.01891437524111858 0.013907775249141371)
(0.00219706124412323 0.0019166282077326584 0.0014362912676606757)
(-0.013553894546342333 0.009104977061575778 0.006732619301764038)
(-0.0003895197649168862 -0.00025230190144467403 0.00018078365414345274)
(-0.031217534212006424 -0.017139241675348107 0.0091101029878086)
(-0.0006473105691534029 -0.00045529676609347766 -0.0002810502534780892)
(0.026211533436371663 -0.016350103252289347 -0.009926612388020518)
(0.0002532004883120821 0.0003830899799840498 0.00029133225877230046)
(-0.021091950423063666 0.014272652479007107 0.010050388352179753)
(0.0008215959262614529 -7.440617505655472e-05 0.00013830825239862808)
(-0.0168494140817205 -0.011604930614563672 -0.008535809614553767)
(-0.00018223926701797322 3.8121969097350143e-06 -1.4465923406676514e-05)
(0.010797518808067022 -0.007432242721141183 0.005488256171433919)
(-0.000184982938713743 -7.622158323952505e-05 -5.8687822838302386e-05)
(-0.11948652627924947 -0.06110411537322213 0.01909466843927041)
(0.02823060036681674 0.029968314745088022 -0.010074000375715134)
(0.10034362172678862 -0.0582735923074807 0.020800013470965367)
(0.00023797882982846974 -0.0004927355209383634 -3.106965988051738e-05)
(0.08074765996017592 -0.050880498555946334 0.02107177861562908)
(0.000698568900053601 -0.0013015544010806343 0.00027397805257036036)
(-0.06456588468459704 0.04137903580876392 -0.01789095604970145)
(0.010248956628048072 0.00706043878220635 0.0029351917094777376)
(-0.041334062958128866 -0.02652989080920975 0.011517380733175023)
(-0.00011524887723335598 -3.4421323397880654e-05 -1.4361308438619001e-05)
(-0.11251740798243533 0.05737386568771238 -0.013835822928420791)
(0.03052428277746158 -0.013935301435271656 -0.01868986040105745)
(-0.057186018300053716 0.04815952158620236 -0.021163395294050508)
(-0.0016638501436617944 -0.0011802847551912624 7.130586850336311e-05)
(-0.07605990441370074 0.04954987424099279 0.021945460035758348)
(-0.0010703216434015644 -0.001456219856105334 -7.116385169549508e-05)
(-0.06081242236099896 0.04028213794243553 -0.018634272965799323)
(-0.0005403663927355987 7.720365854444849e-05 -7.762454694576555e-05)
(-0.03893020431325752 -0.025803729671029473 -0.011992339533455559)
(0.00015442465589911617 3.7286772930488976e-05 3.4410807483015177e-05)
(-0.10670983167087678 0.05886995442567133 0.022177333904525393)
(0.017385052140437268 0.0007119240570008943 -0.003968843914246567)
(0.07785012531164333 0.008575844476593103 -0.010618672151590507)
(-0.001875413135415037 0.0005451373380599349 0.00036059658216049746)
(0.07034009224954227 -0.04752854235800553 -0.02382334246054647)
(-0.0017873897901918867 0.0006468850975608687 -0.00047053051641999003)
(-0.057708044659849 -0.03990366860337371 -0.02082956083108592)
(0.0007803309042363891 0.0003630437890482306 -3.242717153872616e-06)
(0.03694483488471916 -0.02559065735929595 -0.013411024079852268)
(0.0012013032588784687 -0.000990377054288819 -0.0004800658761490625)
(-0.10029461080695021 -0.05734760151436059 0.024977362435620116)
(-0.0010664648729232546 -0.00017098216259101506 0.00013227332945371138)
(-0.08327936030002621 0.05468859582354324 0.027251270660598306)
(-0.001926872630146264 -0.03211513561454266 -0.01390180200315353)
(-0.06571269326789113 -0.04628948345458832 0.026765811486340402)
(0.0030551172340536666 -0.00112689749759698 0.0008806109678172142)
(-0.05364259491327383 -0.0386227177140164 -0.0232948121215382)
(0.0005003522497765424 0.0002733708794572385 2.3787302414772655e-05)
(-0.03469346059952709 0.02490315965302652 -0.015099329266757718)
(0.0001193240289645408 0.00020266266974811555 -5.4386833046139304e-05)
(-0.08846438112169688 -0.05161955183879027 -0.02542527118217676)
(-0.0028947587478512712 -0.0012841888248379873 0.00013704103611086383)
(-0.06992300157655029 0.046119482044168464 0.025812725811818087)
(6.200760066867229e-05 0.0009403631265880586 -0.0007980809069772456)
(-0.056016329041898856 0.039408000737989585 0.02582221692210136)
(0.0013815967700340033 0.00018609731080625828 -3.22887538007348e-05)
(0.0478014318437813 -0.034939162532526956 -0.023810223806296212)
(-2.0942197306906097e-06 0.00035397053273448635 -0.00017901364237134305)
(0.030604564721826353 0.02241682735810875 0.015335777244458993)
(-0.0005381712942340049 0.00013661976508432946 0.00014654539379812235)
(-0.07877297721542349 -0.04637556041514821 -0.02447451154078511)
(5.71573297865702e-05 0.00031811617652598156 -0.0005118909566030983)
(0.0661581941421672 -0.04422043026492116 0.026627814217560986)
(0.0022646236482042528 -0.0003289323889934641 -0.0002313228373768137)
(-0.05323722590733629 0.03855065239054736 -0.026928617143624354)
(-0.0004588549531235355 0.000612908127060327 -0.0004102631441708562)
(0.042570124455550584 -0.03136680467593634 0.022911317030440945)
(-0.0011663389466127373 7.734343840004094e-06 -0.00014848152833738914)
(0.02725310719339156 0.02014051042682672 0.014763785291063238)
(-6.072241592992783e-05 -0.00035096247902418053 0.00020901312470191007)
(0.07065698108145904 -0.041729263840568284 0.022678384430347944)
(-0.0005166675030370342 0.00066277628972114 -0.0007678955149644997)
(0.058688022095734475 0.03943784238132996 0.024539578513431012)
(2.8647540650721487e-05 0.00040146795541132 -0.00046392916374938273)
(0.04773933366064495 0.034772676005100034 -0.025045754269067327)
(0.0009973114123111159 -0.0004914644827715755 0.00046568915455196924)
(0.038174052653947695 -0.02827031372318461 -0.02126605669859318)
(0.0006737760949132436 -4.306111569211318e-05 8.700812873739301e-07)
(-0.024439837568280838 -0.018123856799091037 0.013689648219157803)
(-0.00042691075825215797 -1.5177698797593074e-05 5.3450145933926705e-05)
(0.06116146206257629 -0.03615905399248871 -0.019849491324001798)
(-0.0004658314777140947 0.0009123212438680794 -0.0010430199289666827)
(-0.05136249195111006 -0.03449318527731855 0.021623889228331264)
(0.00023436245665607862 -1.6404597221868565e-05 8.65026747418164e-05)
(-0.040019994871785064 -0.028890679642013622 -0.020908714426337356)
(-0.0004024876581247193 0.0005172783754376706 -0.00044591248005469383)
(0.032253744888104896 0.02423108827218296 -0.018406771830115198)
(-0.0001660442640496003 0.00031326761919143445 0.00019682746906920598)
(0.021141724444252694 -0.015703329648627983 0.011973929070844252)
(0.00035036047895747484 -8.82494374548438e-05 -8.310183890729375e-05)
(-0.047901152993970464 0.028325027615926743 0.015579128319265485)
(-0.0010192052833702231 0.00023301994786019772 -0.00029195001006453034)
(0.04022686527204691 0.027018344400194086 -0.016966365599307857)
(0.0002791102452196334 -0.0007724622167028905 0.0008292421188230817)
(-0.0323238924634339 0.023577640128494955 -0.017179952148758528)
(0.00026875964818229444 0.00016487547524926733 0.00020946614017774555)
(-0.02587415198988042 -0.019187244754562707 -0.014598576743686227)
(-0.0011104511302424548 6.714921835836903e-05 -2.4570148173195034e-05)
(-0.016510780240519298 -0.012152489414162596 0.009287182731847546)
(0.00038530703794036335 -0.0002973084181455981 0.0001989388116976368)
(0.0293846733780254 -0.01737785023207842 0.009564318784636136)
(-0.003013652161967999 0.001600242725675705 -0.0006951641158649847)
(-0.0246915373128569 -0.016583873116275922 0.010415765436777526)
(-0.0005753602721775467 0.00015553236511771788 -2.5458677090258664e-06)
(0.019865362777872982 0.01448613156672359 0.010553572894975166)
(-0.00020872549710452523 9.334685008476165e-05 -0.00012862140746850605)
(-0.015886121907139474 -0.011777862225262687 0.00896246123306673)
(0.0002947522536267826 0.00017042015984774936 -0.00012578988177346472)
(-0.010165256890156647 -0.0075503311294908915 -0.005768776718331036)
(0.0006662585003956565 -0.0004987072488587759 -0.000373858667012221)
(0.11338939054163534 0.0647640048536706 0.02173133705944099)
(-0.00039944085367465563 0.001263781054556389 0.0002469004483012379)
(0.0952093705406199 0.06178317078949002 0.023668489157760354)
(0.0023589754895902808 0.002066544300546628 0.0004445390196634237)
(0.0766348987999718 0.05392590921989807 0.02398351624816005)
(0.0012483987049062696 -0.00029166814960443716 -0.00024232792353135038)
(0.06127187093659681 -0.043875524987813386 -0.020364861334567302)
(-0.00021294258126683478 -0.0008885025664219591 0.00016259546828264646)
(-0.038689910177387925 -0.027800392718899253 -0.012938298016153175)
(2.388958855289585e-05 -0.0003105508209991785 1.165671478410108e-05)
(0.10679558067291718 -0.06302905599089915 0.02260857715918299)
(-0.0008740244738261807 0.0011110570146605422 -0.00016882387983574145)
(-0.08963614475389713 0.03629406442640662 0.02009102310929145)
(0.002185956361680985 -0.0007575035728931608 0.00023823053700025554)
(-0.07217931561056598 -0.05252221241246925 -0.02497775633644391)
(-9.113474526814975e-05 0.00011449452216952716 -1.2419427066541812e-06)
(-0.05771097503232149 0.042691579547988086 0.02120811093519026)
(0.00029176821419025443 -0.0003065481716567125 2.8064476056667646e-06)
(0.03694483526933277 0.027375750356130497 -0.013652928275944118)
(-0.0001792290573544041 -0.00019966218428961075 -8.54807907494071e-08)
(0.02288473957064708 0.021942042731219708 0.025220886653923306)
(0.0686962766265509 -0.05717639664918256 -0.019265655211007596)
(0.017136874381153664 0.04474447836116834 0.026455195100643886)
(-0.042818684380804176 -0.05702357516964362 0.025198081428605204)
(0.0685006667524157 0.05204954889508945 0.027927601347932207)
(-0.0002028558462485666 0.0003669725997498336 4.532656595981602e-05)
(-0.05476423691420824 0.04229034609193225 0.02370682805284094)
(-0.00387692927463539 0.0013521045679884074 0.0012043212881946927)
(0.03505962003064878 0.027128319412436055 -0.015265104683325127)
(0.00021838789677143885 -0.0002874859875899024 -2.0483281093135432e-05)
(-0.09517709638749136 -0.06078524705925281 0.028486934789692806)
(0.0030392202204306018 0.001708649687283253 -0.0005742857991082528)
(-0.07984491889100792 -0.05790559792710766 0.030986233959693157)
(0.0008132414506627734 0.031402583002125756 -0.024093668238496582)
(0.06433228049241126 0.05064722234615454 0.031441766905865386)
(-0.0014337311809973646 0.00028654051448538003 0.0003990561283384102)
(0.05143110202742388 0.04116977855770246 -0.026694012616335465)
(-8.264913406474256e-05 0.00044277447900782326 0.00013862915610322833)
(0.03291638992313911 -0.02639914930184215 -0.017184604382054894)
(-0.0001813067124472226 -0.00016167815318961866 -1.6459481552732348e-05)
(-0.08395799980321347 -0.05471790795329925 0.028916538237650575)
(0.0013193784764354438 0.0006182941998284133 -8.546886396945565e-05)
(-0.07050698933429125 0.05219652353773672 -0.03152157748933602)
(0.04450161883267513 0.04494699220315049 -0.024170155964453433)
(-0.03617735789795564 -0.04373090818610603 0.03176421083961582)
(-0.0005124500834691525 0.0005550856186200536 -0.0002070577372102961)
(-0.04536891842650281 0.037061539126520784 -0.027114871884521122)
(0.00010225803925483458 0.0005919387285413505 -0.0002697711885709185)
(-0.029041558239789933 -0.02375084657699912 -0.017450270425980196)
(-0.0004396922340233141 -0.00023504975293018427 -1.639307487158894e-05)
(0.07473259914336575 0.049145174508907485 -0.027858756245169466)
(0.00019788434853184602 -0.00022441072520436734 -0.0004751426706681132)
(0.06278645630042486 0.04689274656211142 0.030343755561990312)
(0.0008163402334670556 3.959948772658202e-06 0.00039876916276441505)
(0.050502220636188894 -0.040838891631096164 0.030615402035501147)
(-0.027650255394921337 0.02928808410787224 0.020279322252123592)
(0.04036781814692317 0.033300193807722034 0.02610182049886987)
(0.0003517471944902736 -0.00015938954004472128 -5.021655348370919e-05)
(-0.025857864747702155 0.021348419100855335 -0.01680405988314283)
(-0.0007777887551041346 -0.0012091136027238011 -0.0008371477917076761)
(-0.06704554560520357 0.044225559759146646 -0.025809177773272077)
(-0.00018688198743758744 -0.00021489380062491632 0.0006744081864037749)
(-0.056312159885094255 -0.042193652770907135 -0.028129925874926673)
(-0.0003632222355646279 0.0003126598269448823 -0.0005253606820554836)
(0.045321489451537134 -0.036858541063925346 0.028502525911032632)
(0.03589259620776286 0.028016454616877705 -0.021301332737058837)
(0.036231003996019785 -0.02996733442608006 0.02420527345855071)
(-0.00017965742405153567 3.574874240081035e-05 1.2811649557429766e-06)
(0.023184582633941016 -0.01914610070130352 0.015541771926548952)
(0.00037656238379435723 2.0327604952614787e-05 7.501359928804948e-05)
(-0.05804128502225467 -0.038328393831888595 -0.02258695334569064)
(-0.0005402185129574494 0.00025828015203826577 -1.848842225502152e-05)
(0.04870946760329953 -0.036554836589511565 0.024612270817791247)
(0.00043369863573447976 0.0005915992972028193 0.0008941916205490449)
(-0.039188709042340564 0.03191289344499673 0.024919676969068143)
(-0.0009809444199324062 0.0003854252499391937 0.00019479074282082208)
(-0.03136035254936942 0.025964182219828543 -0.02117146931671)
(-0.0007485122115829636 0.0019349792232729417 0.0014853921519707531)
(-0.020078599110017224 0.016642379363986666 0.013626666716770456)
(-0.00010026609503860851 0.0001305838267003619 7.609605453326542e-05)
(-0.045458203578163596 0.030023080139341986 0.017724819851969078)
(-0.0011375492557121314 0.0009303635073220387 -0.0007597601007210067)
(-0.03817064940262993 0.02864040628102742 0.019316080101636175)
(7.356342445864008e-05 -0.0002545967080430823 0.00034680814983352785)
(0.030720674729207108 -0.025015991449524596 -0.019567247616494865)
(-0.0006595381014989383 1.8550462269956526e-05 -0.00015824332175623317)
(0.024563371499957524 0.020338841774639058 0.016615841738904215)
(0.00029974588577221694 0.0003582189230877588 0.000354997548081877)
(0.01571982123559376 -0.013030925238548593 -0.010690057041298046)
(-1.246677048752217e-06 0.0001207957356418392 9.028585553531981e-05)
(0.027901775477665067 -0.01842721221381586 -0.010879478733072328)
(8.149753074579635e-05 7.588741071818711e-06 -7.427307342061881e-05)
(0.0234312089076102 -0.0175802877148437 -0.011857742447113894)
(7.047254002025299e-05 0.00012261264998962234 0.00013181412545305456)
(0.018858649130185492 0.015355305840627288 -0.01201357214495437)
(0.0002116587600446535 4.454428495419082e-05 9.90897726376645e-05)
(-0.015062375881938045 -0.012484095480353103 0.010200961062549118)
(0.00020578148775599812 0.00010832570380785244 -0.00013172703462443341)
(0.009651641575709616 -0.007988656288672432 -0.006553123765275214)
(7.872839684986881e-05 -5.3395911393836424e-05 -4.0116074538322875e-05)
(0.10731054853736634 -0.06817571757190109 -0.025481549423453955)
(0.000598752918768094 -0.00039890161899910177 -0.00022353383385419456)
(0.09002291210362394 0.06492945662772848 0.027735394582545515)
(0.00017917086067863807 -0.0006946339811823302 2.0434779157931006e-05)
(0.07253015657726625 0.05680242439358513 0.028119790585790446)
(-0.037260108625210134 -0.03184144425279841 0.0154000336654081)
(-0.05797808930466516 0.046117103759216974 0.023868920370180523)
(0.0007291118936624241 -0.0003570014484580871 0.00015553207410619395)
(0.037105891252329805 0.029576907591785894 -0.015361794192442617)
(-0.00011249772187740485 -0.000245479983335012 -2.1060464730657486e-05)
(-0.10107217491052178 -0.0663555974677009 0.02653224190935624)
(-0.0006053486144635421 0.0008128547527763045 0.0001722197065363175)
(0.08485801713777805 0.05560731501285785 0.027555114183389722)
(0.015254153648991629 0.002817819694542669 0.0038178072916700318)
(0.06830346253365957 -0.05524399966333486 -0.029285684245251176)
(-0.0005754985235820332 0.00027248504206783597 -0.00011047684680846987)
(0.054615507148291775 0.04494330892105353 -0.02486732131645481)
(0.00170934256735426 -0.00021495357497041897 -0.0005418628698483184)
(0.034961746636545825 -0.02877402998147713 0.01600167252435847)
(-0.00043496983035019025 -0.00012175866823987828 0.00014430083150502609)
(-0.09577631028373519 0.0656451461928745 -0.029665222562421777)
(0.045725810327692025 0.054605046298128845 -0.012345178937191554)
(0.06446334719706524 0.06236368145205003 -0.004110416009763101)
(-0.07238164021223127 0.019201782271000167 -0.028587113261746722)
(-0.06482800739720349 0.05479068323374911 -0.032744110616941186)
(-0.0049764760619620775 -0.0020624965795736513 -0.002014808167063895)
(-0.051829424441599124 -0.04454490936229384 0.027802299018409027)
(-0.0003490362803148807 -0.0013358395522078382 0.00026013180968506973)
(0.0331745894932479 0.028532074401247633 0.0178895801894349)
(-0.0002973072408069518 7.723374969096047e-05 5.898561118432803e-05)
(-0.06574653523172679 0.04761414318642156 -0.0333425090017223)
(-0.0036723912819697684 0.01629063014926893 -0.028871463789006752)
(0.015999845457407506 -0.03158879474770404 -0.027101255446315888)
(-0.06890530637581214 -0.026053545959806405 0.017277149034801747)
(0.06088218524260735 -0.05331416893300231 0.03686433530858528)
(-0.0009542369474921798 0.0012401299128802844 -0.00016729696153930257)
(0.04853277552451817 0.04332251406166687 0.03125780431293337)
(0.0002787534111444361 0.0001831555495468919 -5.766448803188399e-06)
(0.03115847580550507 -0.02778926044323923 -0.02014972525912559)
(-0.00024234133013895952 0.0001791146936422522 -8.80904797741368e-06)
(0.07945594684972768 -0.057599548906643074 0.033924321688150766)
(-0.0007143757169692349 0.0007342538185810034 0.0007899005131905239)
(-0.0667265154854187 -0.054944605199925396 -0.036954836822099095)
(-0.054805352489775166 -0.023733232923895276 0.03122882035500404)
(-0.002124120299547678 0.046959183649486314 0.03211359281185422)
(-0.006317697963220799 0.00442937520271773 -0.003930552153463807)
(-0.04293629560869262 -0.03900480711005777 -0.03178817848230931)
(0.0002866651080344408 -0.001097679045614634 -0.0004600364734161138)
(0.027479263388345113 0.0250144523025392 -0.020464410069818435)
(-0.0004246490778921895 0.0001950724222725827 3.986868397932656e-06)
(0.07018151904668599 0.05135548374988043 -0.03247680013091548)
(-0.001400673283291959 -0.0007193112489071242 5.0172610822304514e-05)
(0.05934480331702424 0.049319535108857414 0.035564863528024585)
(0.0013203853216530947 -0.00042664372962779263 0.0001752146356023254)
(-0.04535296696661571 0.04299576749623284 0.03561259470112752)
(0.0023676602787337454 -0.0027890920110718634 0.0023117384232751326)
(-0.038206058310268014 0.03505473565203765 -0.03060561991687133)
(-0.002180737778738937 -0.0015728983671176114 -0.0014915302110502504)
(-0.024332146666537453 0.022375204334565857 -0.01960690185428014)
(-0.00023724200266301177 -0.0003720520711816722 -0.0002811800968218248)
(-0.06346336952222124 -0.046568697616162745 -0.03028320042009963)
(0.00020525763849598845 0.00010917751006672965 0.0004624118432975738)
(-0.05329426577443203 0.04441619243533439 -0.03297866309841518)
(-0.0015876624323964287 -0.002551255405518924 -0.002715124199904253)
(-0.04289291620765461 -0.038800370009743214 -0.03342193850217895)
(-0.00029001155977522244 0.00014453612444896045 -0.00023023095374560053)
(-0.034290401492973265 0.0315386909331034 -0.02837439450037838)
(0.0017082397237321001 -0.0007288638415460508 0.0008183066530085877)
(-0.02195312341961263 -0.020224147050106243 -0.01826882940207347)
(1.6816949752101766e-05 8.71027740815917e-05 5.991400322414556e-05)
(-0.054924828865651115 -0.04034462236632725 -0.026490719271607663)
(-0.004476266413405589 -0.0031210801663021995 0.001696975247678533)
(0.04611041070294875 -0.0384856096862694 -0.028852476049749283)
(-0.0008373337016871521 0.0004201908621600274 -0.00014521059731005816)
(0.03712606723585383 -0.033616784023645596 -0.02923345374414367)
(0.00013596055829412606 -4.2822941877912365e-05 -1.7039148424408635e-05)
(-0.018059608609082158 0.027148021846473604 -0.024565986503286827)
(-0.0006107541819977747 0.00011800104828907312 -5.527313524580803e-05)
(-0.018999729508535994 0.01752209650261267 -0.01597890555629189)
(0.002532237474358126 -0.002601589527018579 -0.0023257366621452567)
(-0.043019482771031334 0.03160491549288298 0.020786720204396883)
(0.0007648436566313883 0.00016905916950288766 -0.0005929190753253238)
(0.03612839345320888 0.030149194507876124 0.022647433469930513)
(0.0006906834978316964 3.774983651035816e-06 0.0004510075407919775)
(-0.029072707016732893 0.02633349940180578 0.022942190692944266)
(0.0009238495291997592 0.00039529014608207923 -0.00023577379790752664)
(-0.023247143746206126 -0.02140810523777159 -0.019478625942346478)
(0.0023775310888141154 0.0006181405459059567 0.0004610833917081702)
(0.01487364010139868 -0.013724721603050008 -0.012539344731053606)
(0.0026625552339093824 0.0018765390700375031 -0.00175622505313237)
(0.026402620265012423 -0.019391700096817514 0.012734195922318486)
(1.5408667120063912e-05 -0.0002680225776046016 -0.0005390835862006066)
(-0.022175646529075676 -0.018506127908085115 -0.013903872995484694)
(-0.0004011041130788479 0.00020814611350721674 6.810770531148754e-05)
(-0.017839838733991302 0.01616168106970769 0.014084790979968068)
(0.000164383480116781 6.54772203654127e-05 -0.000137818669588301)
(0.01426629764082212 -0.01314133645881906 0.011960080950166034)
(-0.0005273579888175542 0.00012277363894169581 -6.784863814116378e-05)
(0.007981375230650657 -0.007819408938065719 0.007158127982257583)
(0.000313711408881147 4.8698825594068086e-05 5.131833662369558e-05)
(0.09360299693953579 0.06376405752497076 0.02657716615688173)
(-0.0004072383389894258 -0.0006232040651804861 -0.00037944296933439695)
(-0.07860801718083428 0.060817354467669726 0.028957221022418125)
(0.0002681657263760065 0.0015415405790750328 1.665937173727065e-05)
(0.06323143518162644 -0.05312769361796811 -0.029325239474696806)
(-0.05640356310886425 -0.04778795802023517 -0.027299902943936433)
(0.05058135490647653 0.04318169237710223 -0.02491020643251593)
(0.00019048625811641712 -0.0017353365919544916 -0.00017603552784964329)
(-0.032380639208055444 0.027691297133084054 -0.016035218474768756)
(0.00023223103079917254 -1.980639575567948e-05 -8.625755027695047e-05)
(-0.0881583470556796 -0.06204752421072347 0.027669520282691342)
(4.953364445811033e-05 0.0005086180754993082 0.00038091944307502916)
(0.07403639431625562 -0.059195534231703005 -0.030159068109495347)
(-0.0669242650526977 -0.01714451225776258 0.030691903627909564)
(0.04921310122069395 -0.051001851952451306 -0.027200591962731595)
(0.0003508637138960557 -0.0008511737971891509 -2.2965808176955254e-05)
(-0.04763360804307495 0.042036956901680675 0.025942420251391506)
(-0.0004671398084540077 -0.0012764535399328026 8.804279966590497e-05)
(-0.026445526285049252 0.023932641035519606 0.014598058500082499)
(0.00013240576669254467 -5.5454395606213676e-05 3.973796166377049e-05)
(0.08258488719671593 -0.0608210942694614 -0.030319184804992443)
(0.002033136695825983 -0.001955461124405889 0.0003656454939030146)
(0.07013710194179151 -0.05374984595910648 -0.028658616964402146)
(-0.0616416550563569 -0.021620973700114298 0.03484923162152731)
(0.05654681443779762 0.051218030504123144 0.03415868263214902)
(-0.0007111810037096773 -0.0004459454655190681 -0.0002158135575805456)
(0.045208496977411944 -0.04165600719800751 -0.029006846074011876)
(0.0006019253350844445 0.0010416517276347385 -3.6526111015555956e-05)
(-0.028938254951386192 -0.02670933313816882 0.01867152638589356)
(0.00016591284882522717 -0.0001213532447490249 -2.7878983765373146e-05)
(-0.0785727472830246 -0.05984329715384743 -0.03484796967718826)
(-0.0004806682338443014 -4.785785405295067e-05 0.0010396365454957736)
(0.05299895026077996 -0.057082990262310285 0.008948919075370862)
(-0.037067218669195726 0.055218039338987994 -0.019859966900781394)
(-0.04861543308423154 0.049491052158630366 0.03763705627321682)
(0.0003073443669058236 0.0002885792156117469 -1.3327804539711322e-05)
(-0.04245864656445201 0.0405351225144594 0.03265607816753448)
(-0.018049864667029514 -0.01591875407088845 -0.013389807987059165)
(-0.027180619291656456 0.025987460418330808 -0.021021274769832364)
(0.0002757440326109321 -0.00030582378411625943 8.571248542293652e-06)
(-0.06609612839585038 0.04919905022660575 -0.004508238057033628)
(-0.0008595159533865606 0.00021614317603464549 -0.0008051139391097469)
(0.0155053141994104 -0.020253420355352065 -0.03850947609329088)
(0.047918249592184305 -0.0015502532080236813 -0.02687397309826125)
(-0.04684144139733032 -0.04487362042107168 -0.03906094336433502)
(-8.607072508162173e-05 -0.0011163991047985658 0.000637029587425562)
(0.03745135979674342 -0.03647969640866766 -0.033165724466246396)
(-0.00022761406343322637 -0.0001754317811199364 1.116002854782185e-05)
(-0.023973972740860286 -0.023393176519007623 0.021351414890290653)
(-0.00018144500722765125 0.00018358584787178133 -1.6350055249823015e-05)
(-0.061695892939959314 0.04838110810036714 -0.03405271814466684)
(-0.002681411234446074 0.001576125518942482 -1.0465063579783857e-05)
(-0.051825420734427544 -0.04616398454882868 0.03712047840152079)
(-0.0024684872298881373 0.0009161846798716105 -0.0001901970666432516)
(0.04116165436212345 -0.039725822604418246 -0.03701825485777285)
(0.0002506842275089865 0.00027427836314611526 -0.00010640157288721743)
(0.033327468856939525 0.032778605280379416 -0.031931024547153894)
(-0.0012006054817528613 -0.002009569862742511 -0.0017175277154451412)
(0.021347825281169908 -0.0210172305472907 0.02055452608141439)
(0.0004322821215999493 -3.451034712219551e-05 -0.00017736712383093614)
(0.05535250314426937 -0.04355024365035352 -0.031595993394624815)
(-7.108030249746889e-05 0.00030685623662019424 0.0007463629905538474)
(-0.04648596331526062 -0.04154479506332281 0.034419648534110066)
(6.317040649940471e-05 0.0002901870100651761 -0.0005073706293270992)
(0.03708936692074562 -0.035896466174656805 0.03445047867920057)
(-0.029553968275325526 0.013329142720212758 -0.006911802333896006)
(0.029759382906438227 -0.0294400699499496 -0.0295342993500986)
(0.00034615735499929275 0.0015066619935547188 0.0011708554780485007)
(0.019130856164834373 0.018911375947356254 0.01905404783392711)
(4.995830770477397e-05 0.00014595385738113076 -8.406813513370313e-05)
(-0.04790958890599735 0.03773163714031904 -0.027636478182278365)
(0.0001943798620882788 -4.759505328587432e-06 0.0002623787495474776)
(0.040236885598509416 0.03599409720459503 -0.030104009788721013)
(-0.0007873115345032334 0.0015973048680743118 -0.0020098002388655744)
(0.03237789503053157 -0.031436218073066645 -0.030496921108228194)
(-0.00038703258434923495 -0.0001166071943530778 3.884064523918512e-05)
(0.025872239191227202 -0.025559184454624215 0.02589671824393415)
(-2.960769689725274e-05 0.00018245527161839676 0.00016183522970439798)
(-0.016572006737236387 0.016385459006075884 0.01666972866159104)
(-0.00015926695255366575 -0.00010086591319559638 5.506226466443264e-05)
(0.037525115220986775 -0.0295578389348123 -0.021689358911739932)
(0.0004276252999659575 0.0001796859479090711 -0.0002453552436496414)
(0.03151222732047532 -0.028195598932811674 -0.023627848325822952)
(-4.8476726043141266e-05 -0.000366898001819056 0.0006072035757345826)
(-0.025360198198431 0.024626944935221898 0.02393602952556278)
(0.0005766949866870915 -0.00040033060763576745 0.00033515082204398837)
(0.020270396312226942 -0.020022070289263706 0.02031986921936819)
(-0.0005618918564059614 1.6911835458561956e-05 3.9501421879523164e-05)
(-0.012581825369247374 -0.012718762491926857 -0.012961001118600194)
(-0.0002292552351051923 4.165452686626873e-06 -9.983485476789314e-06)
(0.02300815742113781 -0.0181193375689281 -0.013284763575906411)
(-0.0002535924313824989 -0.00012181211373878948 -6.648932802139217e-05)
(0.019340095381074854 -0.017306750716864806 -0.014505204216485787)
(-0.0001140595178687424 -0.0002193704562704781 -0.0002797259662247316)
(0.011913886610237154 -0.011287831882114666 0.01078784029668687)
(-9.486410006438114e-05 -3.7753061057899765e-06 -4.5875335212579994e-05)
(-0.01244631064703329 -0.012290380168890709 -0.012477631656016982)
(0.00019035008433969272 -0.00020691790895195581 0.00026162336139654675)
(0.007967826692667823 -0.007879172086981016 0.008031997880114303)
(0.00045506836209499693 0.00072765134781079 0.0007324990094820042)
(-0.08139276043714574 -0.057267444233073866 0.025644938286044076)
(0.00047307225925763565 0.0005852293072420152 -0.000337392423800392)
(0.06835362370960209 0.05462771102908359 -0.027933535114349897)
(-0.000725351303810317 -0.0002197212349626074 -0.00042908366002224234)
(-0.05498626248381157 -0.047713479147643414 0.028283384243175225)
(-0.0010470422686348904 -1.3737930379125308e-05 -0.0004909844516199323)
(-0.043983110256029405 0.03879621902900832 -0.02403072288502137)
(0.0004023379156584715 -0.0015923443961727646 -8.941963169010058e-06)
(0.028154168046075782 -0.024870765434311562 0.015468011573567367)
(0.0004653486449298594 -0.00018535879326909464 -0.00023358318141748112)
(0.07665916971502569 0.055732419787860914 0.02670705225078536)
(0.010677965660245597 0.007555514873585045 0.004609927565391297)
(-0.0643589938655598 -0.053161207397759376 -0.029080016518657048)
(-0.0004933908200523971 -8.571668664376124e-05 -0.00035157173790986755)
(-0.05181259873998562 -0.04642679108825234 0.029474235281897333)
(-7.51185576527273e-05 -0.0006788463962624528 -6.928165548096275e-05)
(0.04142543494151295 -0.03773041292948569 -0.025026367783919038)
(0.00045029166371876367 0.0002439250323499488 -0.00018474628164802896)
(0.026517589760931694 0.024192234283671687 -0.016108038117573054)
(-0.00018210713186695774 5.888803901760866e-05 7.36982246581495e-05)
(-0.07274679303208975 0.05523207442785508 0.0298619028625521)
(-0.0003904886426480088 0.0005845203239278622 -0.00016210213597753017)
(-0.061090179579387775 0.05269404871419113 0.03251676615616222)
(-0.00014297773514866706 -0.000686033131489984 0.00012434572390669155)
(-0.04916978098738586 0.04601670981343052 0.03295470024401821)
(0.0004182611732456573 -0.0015056851268779457 2.4920260804138535e-05)
(-0.03917297437216785 0.03731356584810303 0.027888278193071606)
(0.0002779921673705206 0.0002911811501668332 -6.86674414964359e-05)
(-0.025050432801385712 -0.023815784577246455 0.01791629366677708)
(-0.0001953833347363426 -0.0001448009045507077 5.869645605017717e-05)
(-0.06832133153190295 -0.05374894766792825 -0.03351702051144068)
(-0.0030984754623867086 -0.0027153198972834133 -0.001361738582770287)
(-0.05737654000098756 0.05127322969317765 0.0366190932775724)
(0.0011512964057397847 0.0023810136832192854 -0.00014129354974459524)
(0.04461633928353301 -0.0355060374564468 -0.03708355947358477)
(-0.0013722968926386803 -0.0005354288364067847 0.0009067628711778386)
(-0.036916371112056826 0.036402489049183966 0.031503633697004235)
(-0.0002589377859305393 -0.00016987763712992347 6.754808134154605e-05)
(0.023634915736022888 -0.02334203592777039 -0.02027951863770698)
(-5.462900657342407e-05 0.00017912594676933267 -3.519679253548075e-05)
(-0.060062992912971784 0.048214776546384196 0.03412440559982352)
(0.0012747449290031049 0.0009886554018619482 0.0010842231560135578)
(-0.0055156138877982975 -0.016756078030436675 -0.037196659868426594)
(0.039347809977124545 0.04464565356894457 -0.010514792630944446)
(0.040232165904772285 0.03771377750033949 -0.03762901734033075)
(-0.0011847463493654864 0.00037083912548917133 0.00047414073591511494)
(-0.0325645910649856 -0.032774293429658846 0.03199774431522862)
(0.00032061929383348734 0.0002901236335529281 4.342970220460271e-05)
(-0.02083098891381039 0.021011999703627684 -0.020593853432045853)
(-6.512554364090636e-05 5.4633805121282364e-05 8.483763820910714e-06)
(-0.053649306795410016 -0.04345493900925138 0.03287334512702493)
(0.0018995681074395316 -0.0012167736025920494 0.0006960401531415283)
(-0.045058700519500845 0.04146179978692085 -0.03580742170251725)
(0.0012564257611555928 -0.0015635587009905963 -0.001841574829279219)
(0.026912801365540275 -0.0317142960352995 -0.036108214560930635)
(-0.0003477742652334242 -0.00018396981323864618 2.8887309581211624e-06)
(-0.028997536049879587 0.029443825269966282 -0.030803504792386475)
(0.0007682751822930488 0.00030108107755195376 -0.00016643713362753264)
(-0.01856428404945621 -0.01887652926064271 0.01982876247634268)
(-0.0002500421806522957 0.0003971764444273785 -0.000353055773346445)
(-0.048133762112866005 0.03911394903211172 0.03046953956826662)
(-0.001143780904685152 -0.0007427912146531515 -2.1374898830155106e-06)
(0.04041319062937306 -0.03731121512358756 -0.03320443825275043)
(-0.005050474330773572 -0.004156265510953279 0.00317359670704784)
(-0.03253347712095857 0.03259023620127346 0.03363043599812143)
(-0.0010600013947201293 0.021505648327023612 -0.027037982940391912)
(0.007663729016616861 0.02396315841510023 -0.028129102787942735)
(0.0006061629486116923 -0.00012333513060223237 -0.00012845869742249345)
(0.016650963802461564 0.016987843155896968 0.018386376473514616)
(0.0003854319092942202 -0.00015921116364781725 -0.00025673917340186976)
(0.041614692714977204 -0.033857617766760634 0.026660881028979264)
(-0.00010352413175344928 -1.0115310083455268e-05 -0.00015064178346703755)
(-0.0349879984684121 0.03232130322892798 0.029010198806844845)
(-0.0013949504691874361 -0.000845856494030432 0.000381387780692139)
(-0.028134624830835613 -0.028233769943143326 0.02942154324097406)
(0.002523196765711758 0.0020614757652761763 0.0019384076667925217)
(-0.022454535999948632 0.022937224903771963 -0.024967160735630656)
(-0.0012040939722047024 0.0017866283535652805 -0.0018393295089810001)
(0.014403245601738642 -0.014717025467049387 0.016081667967966482)
(-0.004732377149422619 0.004725750145208335 0.0051983910704736175)
(0.03262852982466805 -0.026547823407792034 -0.020921332554577208)
(0.00026596789064317763 -9.996818862370684e-05 -0.00023615617795847216)
(-0.02738581163385482 -0.02531417064412951 0.02278912190281908)
(0.000253449862123646 -5.5326540630169334e-05 -0.00016986963150271314)
(-0.02205007919791482 0.022119580505628563 -0.02308533345384272)
(-0.0003144698277933004 0.00014634049088849583 5.315050208209078e-05)
(-0.017623841534111624 0.017983821847779923 -0.01960700866009509)
(0.0008974068528989461 5.0085924297182117e-08 4.735022620357136e-05)
(-0.010482261125274523 0.01093272117429475 0.011953711741730648)
(-0.00015033962627955305 -1.9516947832042973e-05 1.1441360645293892e-06)
(-0.020028620906816 -0.016295691476819862 -0.012845926373689726)
(0.00040223869945471303 0.00017186521764730954 0.00032270750915016017)
(-0.012995370671776781 0.011925667893571815 -0.01060075918971312)
(0.00015006562287161277 4.583692060119591e-05 -0.00024934896166223843)
(-0.013535376202886506 -0.013577326090132251 0.014175990273096614)
(-5.4746639698199536e-05 -7.2728881996308095e-06 1.8939961324594486e-05)
(-0.010812532438360618 -0.011038332922208542 0.012037137941204527)
(0.00023130141446981852 -0.00044812575767541905 0.0005245256057974929)
(-0.006914597062739802 0.00707340045011771 -0.007745302951036492)
(0.001226159774578013 -0.0009946813439267994 0.0010977802461915628)
(0.07283924437017517 -0.051901427282001686 0.024048072573991466)
(-0.00018552699879456063 0.00047895032234731595 -3.156970561560058e-05)
(-0.06117059904425718 0.04951675403546582 -0.026195841082133763)
(-0.000550614993702944 -0.0014934113024425457 -2.8760667671730907e-05)
(-0.049231850441179885 -0.04323567411605624 0.026537959236482406)
(-0.0035256535940178095 -0.006703346860619705 -0.002126315544982761)
(0.039361497276360166 -0.03507482520340163 0.02253448952095176)
(-0.00025628180533567604 -0.0007433589559787327 0.00019422066141454842)
(-0.025198097530178994 -0.022538179919381326 -0.01450575198292008)
(2.1338608828196098e-05 -0.0003545970628537382 3.859179341690706e-05)
(-0.0685660132449178 -0.050497594290963635 0.025020295275214176)
(0.0020976082421365902 0.0023234306011793845 -0.0001361571228127757)
(-0.057613377405150004 -0.0481890639248477 0.027283118130153702)
(0.0017631711467761574 0.0026906521573980702 0.0007041343628171557)
(0.046336596089570546 0.0420401514236529 -0.027622869883092264)
(0.0020455648578777395 0.003361171345107927 0.0011489259597372555)
(0.037072487430668266 0.034218609070145935 0.02346891264870401)
(-0.001475239750063586 0.000199644073065806 0.0008286703414972732)
(-0.023732582778323984 0.02193962690239444 -0.015107365731484641)
(-1.4692590053979946e-05 -9.428565569856345e-05 -2.0889031280401025e-05)
(-0.0651061082149518 -0.05006582495370117 0.02800186031447881)
(-0.0009233589620096607 -2.0319422789306758e-05 -0.0012941900203407054)
(-0.05465407219643132 0.04775858209674771 -0.030466368856826086)
(-0.004782204298854686 0.005526990013149895 0.0023945838494197767)
(0.04400355141664817 0.041712995054085544 -0.03090109350231574)
(-0.017673422390442974 0.028610530540597826 -0.008930791751353275)
(0.020089900487154512 0.01780759574845191 -0.014644850859381256)
(0.0018821202167113426 0.0013457417541521417 -0.001327347147648901)
(0.022522242030876133 0.02173673496364773 -0.016891203193259516)
(8.825718675368937e-05 0.00018236808461111605 1.1559824771323304e-06)
(0.06113848100183373 0.048706854636105884 -0.0315170286014776)
(-0.055832190385655456 -0.04706222496455389 0.03211107251086071)
(-0.05134695051075707 0.04647175739378416 0.03434060387829101)
(0.0009167414464394615 -0.002086538786262654 4.587644220071718e-05)
(-0.041128985871263075 0.023067867630870608 0.028962888670691828)
(0.027053117636340263 0.0254032850020903 0.01863610756166905)
(-0.033039719660983874 -0.03299996066147617 0.029542124930995034)
(0.00013966279052421524 0.0003129738167619003 -6.621161870080157e-07)
(0.021151466992281168 -0.021137783522025635 0.01901550660324634)
(-7.646867890960026e-05 0.00016417058408543873 -7.31329730124455e-06)
(0.053931923849417064 -0.04385210255541632 -0.03200965539186479)
(0.001180428028160697 0.000885868343505355 0.0012783383253057023)
(0.04528852582407475 -0.04183076502911333 0.03487105286432319)
(-0.001725731663805738 -0.022331855310251864 -0.03005209100366243)
(-0.03191714621122949 0.035168353796678466 -0.0246123465110479)
(0.00031067481389086994 -1.3279346768006866e-05 0.00020437310987756282)
(0.02912068536282533 -0.02970261438914328 -0.029989737386778313)
(-0.0013594884379270328 0.0011027078403403677 0.0012977596665973555)
(-0.018646536396720075 -0.01904340759588882 0.019309208063032598)
(5.9499312963831446e-05 0.0004894825264912459 0.00023730960641698352)
(0.04802712246245624 0.03939683397220087 0.030809385963273952)
(-0.0005476090563288445 -0.0003772998804928786 -9.917964036294887e-05)
(0.04033066430673594 -0.037581897489288314 0.03354528826623954)
(0.03291570375127776 0.022582732113007785 -0.01239067621236087)
(0.017075948400259264 0.00697338523259276 -0.033785977302439985)
(-0.0004578710894035758 -1.2915913491840348e-06 -0.0002622531115231426)
(0.025941200080393422 -0.02668460565395862 0.02888519803614488)
(0.0006474371068679769 0.00013462937814092692 -0.0004468114066843529)
(0.016604509078089653 0.017109372749571757 0.018592134601032685)
(0.0002710306544110393 -6.349893158347245e-05 -0.00020158896982763348)
(0.0430577074219415 -0.03543927393675752 0.028582849995641854)
(0.001816134853178264 0.001413745167895903 -0.00011867612854462842)
(-0.03616343830999214 0.033800221858970046 0.031091108513580587)
(1.5990882565239828e-05 0.00017280722677570921 -0.000689055190764422)
(0.0290872083620654 -0.029523531064177277 0.03153796455639472)
(-0.014440017695904646 -0.007265942522719968 -0.021811794298514278)
(0.023270608784509473 0.023999378882936843 -0.026769952090951184)
(-0.0001435869297846886 -0.00013311248395174048 -2.1277637979584397e-05)
(-0.014897841306021889 0.015393561383018341 -0.017241525101532023)
(-0.0007043952662862416 0.0004924792382961403 0.0006538879917403688)
(0.036541703894970586 0.030085837997829237 -0.024217735385548493)
(0.0031321496994237046 0.002580390045230298 -0.001326510519824157)
(0.031304214809069586 -0.029298159746687973 -0.027234347255419598)
(0.0007744324177749978 0.00044623053271043527 2.0759343154742515e-05)
(-0.02518218416385794 -0.025585886732234744 -0.027588507044551805)
(0.0002807864503023148 -0.0006691989469048445 -0.0010222353127234192)
(0.020144148211399357 -0.020808243218072703 -0.02342679865004857)
(0.0004193437607102117 0.00021472196720466629 9.49490489180994e-05)
(-0.012894117424068444 -0.01333977631529456 0.015079447099517116)
(-8.535282089660004e-05 2.5239067147383272e-05 -5.597997799482447e-06)
(0.0291830216324392 0.024039491745643446 0.01954399679266679)
(0.000220641537137232 0.00012861958612256827 0.0001899767849749258)
(-0.024467637562702885 0.0229203143396876 -0.0213704959464322)
(0.00019261552832803235 0.00014419789344761343 -0.0007687341380529761)
(-0.01973431362934335 0.020047621945246265 0.021652884973189516)
(2.9743220363149077e-05 0.00016884461049760792 -0.0003107069577314156)
(-0.01577040887834096 -0.016295041921951775 -0.01838268142881994)
(0.0003239404814662801 0.00019391857002284672 0.00017939558217458534)
(-0.010079286332681583 0.010391959191530385 0.011773349668787535)
(0.00035707933746727705 0.000244587856034499 -0.00030851699950721544)
(0.01792406218815348 0.014769613988525963 0.012024126409910916)
(3.448457891760929e-05 -2.638654925880147e-05 9.980542263314625e-06)
(0.015051545298857704 0.014089055328736761 0.013121833502795345)
(-0.0002475567617888592 -0.0001457078538311193 -1.693142697203726e-05)
(0.012106758609989074 -0.012301896728892318 -0.01329178338327676)
(-0.0002328228253390545 0.00015574704656675978 -0.00010534103943873943)
(-0.009685628363445362 0.01000520246970686 -0.011287331810044139)
(8.677607655044428e-05 3.549247005683848e-05 -8.15911751348039e-05)
(-0.006197335918553806 -0.006414324668822924 0.007266061759712238)
(0.00019100918184121793 -2.600646682506278e-06 -5.58463202658823e-07)
(-0.06419659818170065 -0.04594034265490329 0.021546375070168867)
(0.00013536330919057592 5.289359677255382e-05 -0.00014467305937577407)
(-0.05389937440225543 -0.04380424092399316 0.02346937432661569)
(-0.0010127353988869138 -0.0020561757650008412 0.00033432728654387574)
(0.043377061212610445 0.03823946796718231 0.023774351932372765)
(0.00013084794088386788 0.000380074410955959 0.0001478634112321908)
(-0.03468815524931418 -0.031106091465162394 -0.02018887914373049)
(0.00013349399625053635 -0.0026879888160802503 -0.0001284632765830223)
(0.02218797247043739 0.019947968650780894 0.01298667618134517)
(-0.0003037439853657392 -0.00013531362208752426 0.0001693234528419349)
(0.06046338194445866 0.04471209275203265 0.022435970151826166)
(0.0011822699242319333 0.00013927206278901527 -0.0011297515608451995)
(0.05077654126956632 0.04264978302307273 0.024444196365432578)
(0.00021485975489693874 0.0001938781305706774 0.00026763197302521205)
(-0.04086590462781785 -0.03725224099113276 0.024763604185366057)
(-7.178699272510586e-05 0.0008031019593631536 0.00015873220151988002)
(0.03267283838283131 -0.030251606338774096 0.021027450908892485)
(0.0009112187607360004 -0.0004715235388603411 0.0005044176406460598)
(0.02091600168962281 0.019400991425668382 0.013535349473644416)
(-0.00011732024486925094 0.00013777869658131788 -5.484150524841912e-05)
(0.057364639620051686 -0.04429185169656429 0.025090393890359948)
(-0.0003397754746726099 0.00011820891831289874 -0.0003186080248410278)
(-0.04818645314581436 -0.04226950997456379 -0.027330899498973743)
(0.0007428218425007665 0.001188260206661026 0.0002481158735185791)
(0.038781713627734034 -0.03691934040853137 0.027687748865759663)
(-0.0003099762229385708 -0.00038731372693431295 -0.0003477891137565932)
(-0.03099337467164777 -0.030010870828385543 0.023503409250050157)
(-0.00011142983401503915 -0.0005483079003700944 -0.00013570785434216675)
(0.019837828333783336 0.01923599352214342 0.01512934717781259)
(-0.0003728618749787172 0.00020594720551626668 -0.00019695929434415706)
(-0.05388212263397045 0.04310986432144354 -0.02824757976672185)
(0.0022720557729479624 -0.001321501287897382 -0.002201217583332452)
(0.04517336419591105 -0.04108244638477722 -0.03068201109098203)
(0.001721825207781779 -0.0019451985738579692 0.0011746126041742707)
(-0.03641565899106516 -0.035877301771190535 0.03117204122538545)
(0.006895338745988292 -0.027821816288744736 0.000555503382647766)
(0.029118872985579816 -0.02917792989330089 -0.026466675814330667)
(3.0284825464157023e-05 -0.000569327234800382 -0.00014697443015123496)
(-0.01863917018173674 -0.01871543469092303 0.01703858127372822)
(8.785237834833082e-06 0.00026450236050506505 -4.722568315366227e-05)
(-0.047531476099401594 -0.03880790194748996 -0.028688092493337987)
(0.001071263781505223 -0.00042734695403805645 -0.0018097253494657585)
(0.03991413318858821 -0.037022857580874355 0.031223343053501697)
(-0.00036752477524188754 -0.00010792360085407537 -0.0007751982744033172)
(-0.03211299347690193 -0.03230575769112761 0.031655582533816305)
(0.00038383444016813946 -0.000954111920025607 0.00012459934521090297)
(-0.025667851306595775 0.02376668374868232 0.026674133695571173)
(-6.967470474151665e-05 0.00014376252316423662 -2.985991120340252e-05)
(-0.016147127167016103 -0.016690168755722653 -0.017044560424468908)
(5.7743677641742306e-05 7.447907718460218e-05 2.312208423843926e-05)
(-0.04225242922981919 0.034810376500059886 0.027509259170144143)
(-0.0016439641581592868 -0.0012658747387320982 -0.001708463604315232)
(-0.035546206738854565 0.03326137464138646 0.03008673052837578)
(0.0009301823472624201 0.0010916546327255222 0.0005891545454821824)
(-0.006242208841361857 0.013328258679184002 0.002953672034268486)
(0.009544934358890755 -0.025000589620943692 0.0214768149013211)
(0.022871696624036868 -0.023615243780571456 0.02588075408356496)
(0.00018784089224500123 -0.0007266336366914976 0.00041770817494273476)
(-0.014636661574882259 0.01514276562379017 -0.01665667063209128)
(-0.00019077134833439324 -2.8057825566177116e-05 0.00013283749731550672)
(-0.03795733342429929 0.03137097722266481 -0.025603692948242635)
(2.3692147463815606e-05 -0.00013919162774596872 0.001301691177476467)
(0.03188275437895861 -0.029931747190453054 -0.027893288671478916)
(0.00029123171141923074 -0.0004807280107628256 -0.00041800813053386316)
(-0.02444142093491507 -0.02594061345952091 0.028003731431022413)
(0.019576839839733254 0.022052372949416883 -2.0857920101849675e-05)
(0.0205030690276543 0.0212100732573059 -0.023968812507608732)
(-1.7310592766502714e-05 -0.00022245781432709576 0.00014005149640992988)
(0.013132784357033658 0.013627106144659914 0.015447946426323265)
(-0.00015081258071072184 0.00015755617947269636 1.6214977856012602e-06)
(-0.0328130111410916 0.027150577773655992 0.022395342517752947)
(0.0006198370807871889 -0.0004672705725411529 4.970275420043132e-05)
(-0.02759287321509098 0.025932363301654247 -0.024400601801556263)
(-0.003890218740223648 0.0005744486383392801 0.018859603064975142)
(-0.008784584305780106 -0.01592266909628356 -0.024561492681404555)
(-0.00027482376026843815 0.00010807033175080416 2.3375771297847055e-05)
(-0.017756039653910857 -0.01841061812345835 0.0209859973705713)
(-0.00023449648658884701 -0.00012605921418315256 6.275468016158034e-06)
(0.01136636374275726 0.011806264650329468 0.013511657560406027)
(8.067543378527384e-05 -0.0003709207781258152 0.00032425764231836223)
(-0.025657469287973 -0.021236761792513787 -0.017568189533356635)
(0.0036622809299476514 0.0031136717058698957 -0.002016344620029571)
(0.021606906946119348 -0.020313106467451207 -0.019143202414700945)
(0.00011269461718778156 3.274308656616268e-05 -0.00013609198616549719)
(0.017388915148324864 -0.017741381713677826 -0.019400673142526793)
(0.0003514826725511871 -0.00030175293784064766 -0.0002220713955673818)
(-0.01390646065348618 -0.014426115913579582 0.0164724463450033)
(-0.0001403362182284015 4.337714203058324e-05 -0.00011915190685056003)
(0.008899516694829985 -0.009247196226334171 0.010604317576445168)
(-1.3652563280281207e-05 8.913722085154674e-05 6.724116671457879e-05)
(0.015660788362914208 -0.012962954032514113 -0.010778525962710993)
(0.00018978048025124138 0.00014546507106447947 -3.2575683595864206e-05)
(0.013260037394008523 -0.012465202895537217 -0.01175651660140316)
(-0.00022152529145252613 0.00024983146468051575 0.000335820007447083)
(0.010551048859240934 0.010779712956945823 -0.011815064738921893)
(0.00011297036996358926 -4.416874032036131e-05 -3.163630898248332e-05)
(0.008536173438216573 0.00885366859814211 0.010110118628768204)
(4.8693060186448784e-05 -0.0001026988818232187 0.0001694834590250474)
(-0.005464492983767318 0.00566390039255612 -0.006491875026349826)
(0.00038203502631059224 0.00011355726459047298 -0.0001546888347894715)
(0.052761177342529726 0.03779553712182516 0.01777680516487299)
(0.0005405379476873439 0.0007948752940638947 3.0983733266645365e-05)
(-0.04430915464544133 0.03605178099879191 0.019368109949544406)
(-0.00010011590493124323 0.0010039438969532348 -0.00011805374446400828)
(0.03566038771635095 0.03148632426466243 -0.01961977672023093)
(-0.00024501995937986626 0.000559279974910724 -8.000457243453792e-05)
(0.028222842672402784 0.024842081643874376 -0.016502402520067357)
(0.0009686724432776088 0.001849414577539802 0.0005371522500115508)
(0.01825199462903193 0.016362683794539326 -0.010724444443620062)
(0.001364073069468177 0.0004648691978035511 -0.0007663939594809637)
(0.04969191183161696 -0.03678472400130582 0.018508342028598218)
(-0.0004322829304283098 0.0001635672613215034 0.000307571525032612)
(0.04173213481306835 -0.03508804376617378 -0.02017123846672743)
(-0.00010092641197288674 -0.0006052441356407286 -0.00016618345742539043)
(-0.03357208198660489 0.030643696287844763 -0.02042237391351825)
(2.7262017587124995e-05 0.000459704291447257 7.018668978339888e-05)
(-0.0268531395839648 -0.024895526975279244 0.017351346590866807)
(-0.0009173802559456446 -0.0013372377178140567 0.0006022541771016382)
(-0.016808858953149562 -0.015120229109766013 0.010907238493994139)
(0.000380336815939291 -2.4991803990002515e-05 0.00022506385097080785)
(0.046933022878001746 0.03623906800377046 -0.02066524767327151)
(-0.0011544143733059414 0.0010701401924230747 0.0003825924468923777)
(-0.03960252746954732 0.03476747413410435 -0.022553017099699736)
(-7.296444035618754e-05 -7.735414403680574e-05 0.00013350197085592344)
(-0.031863373839696466 0.030372655429884127 -0.022834054436273322)
(0.021229784935637975 -0.0209377846807431 0.01576292153209596)
(-0.025481138793799207 -0.024691717177208333 0.019396809021088045)
(-6.111879118673682e-05 0.0010915479592984428 1.281572336928624e-05)
(0.01629916125124133 -0.01583133734846711 -0.012477941923825675)
(-1.810675797643557e-05 -7.95020979871821e-05 2.1456700444125993e-06)
(0.0442880044590057 0.03546960129441681 0.023308764756388108)
(0.0003182541999188591 -9.348951923295111e-05 -0.0007397495919455441)
(0.03719379325813127 0.03383738736595524 -0.025390805736213724)
(0.0002042494979119431 -0.0005128204304518803 -0.00014224028597159557)
(0.029933034884682942 0.029543112657523508 -0.025722312389768267)
(0.0002178492912377533 0.0005624248955700376 5.804127393611565e-05)
(-0.02393223004356108 -0.024028962505353278 0.021840568724190768)
(0.003330177890625416 0.0013938594851575707 -0.002955310848358786)
(-0.015320709488471525 0.015389237155911183 0.014058909478468202)
(0.00011436675068064228 1.2537892195862597e-05 -9.105268980676476e-05)
(-0.03906625089516747 -0.03192861091530834 -0.02365901992267673)
(0.0010012621944195763 0.001049207138579267 0.0003806892720168479)
(0.032807285644745096 0.030458730101025455 -0.025786510917183668)
(-0.0003772374096027695 -0.0009626330854908132 -0.00019724178001934143)
(0.02640384167596272 0.02660393715360495 -0.026124855066672663)
(-0.00010581708827004255 -0.00018054411550265907 -6.774684964709549e-05)
(-0.021106981058402183 0.021629903459224616 0.02217695432065699)
(0.006798847815364582 0.018426074593283215 0.006489768823675134)
(-0.013514048944435008 0.01386588733767901 0.014280157215153126)
(0.0009711789960325735 -0.0007706486312655045 -0.0009868399768398948)
(0.03478812452452 -0.02868617406141532 -0.02276169284193317)
(-0.030406554949900466 -0.02660665163213824 -0.022073615673937057)
(-0.02907949076407438 -0.0272007857009695 0.024782881639807044)
(0.00030586017026224086 -0.00044112576846680804 -0.00014267108577632916)
(-0.023502636020370594 0.023886319797898257 -0.02514339814336157)
(-5.75698549045409e-05 -0.0002547565700378793 2.9867853099663818e-05)
(0.01877811007602606 0.019417411400884533 -0.021328924944579573)
(0.0069586430625409494 0.015454659876638348 -0.0065413830673675824)
(-0.012033876807400236 0.01245778850322306 0.013747119351286769)
(-0.0005166507401582895 0.00038079465570192396 -0.000558623170774599)
(-0.03112345273184882 -0.02573436425566601 -0.02113290609229994)
(-0.0006240857309179176 0.0006764118056944765 -1.906687986876533e-05)
(-0.026152299855594818 -0.024558780325088885 -0.023019204786916873)
(0.00048058623109339596 0.0005735763693979206 -0.0003124868941799726)
(0.021062376030212257 0.021471053656014417 0.023307120864607966)
(0.0002829307602871804 -0.0007186553363592573 0.00022122982312468563)
(-0.01686121391854426 0.01748235164695607 -0.019802070614327923)
(-0.0022036073157027727 0.014177720186126704 0.00013262225173073616)
(0.01079339793824171 0.011211142283639194 0.01274699311767919)
(6.352577222723353e-05 -0.00012802807761483746 -7.049060212671782e-06)
(-0.02665069347463115 0.022077632646660284 -0.018096364152707437)
(-0.00017862423557046052 0.00018780532751725058 9.849698129961326e-05)
(-0.022440643714575218 0.021091759527810953 -0.020015343158920496)
(2.543895631505804e-05 -7.585752675518598e-05 0.0006105271508557887)
(-0.01723073002270065 -0.018116165166131085 0.011222422524494543)
(0.015388023897939694 0.013660608083539638 -0.005363412592277488)
(-0.014553845363448547 0.010783548827301643 0.014650769572903505)
(-8.75826272762727e-05 0.00018837141222243227 -6.8489584339423244e-06)
(-0.009342481058656687 0.009712667112551669 -0.01114934416908232)
(-5.008908039578166e-05 -2.5287689617737352e-05 2.8942213982375556e-05)
(0.02114025438169103 -0.017511415439797 0.014506741788219191)
(0.0027134804755326158 -0.0023496747902450148 0.0005974798689528195)
(-0.017761154587338367 0.016711610447749665 -0.015801952437073583)
(-0.0005154739196926196 0.0005379922828167743 -7.833843370232784e-05)
(0.014295210625367028 -0.014597719994778116 -0.016005411892038173)
(0.0002006501842031779 0.0001488472346366477 -2.116350073047687e-05)
(-0.011386860454752968 0.011828941232829076 0.013559473276865304)
(0.0003460184167032857 -0.01010874454732932 -0.00696576411671467)
(-0.0063134222725970204 -0.007606123044575473 0.008264188298217671)
(1.3256115232985338e-05 -6.11702622534122e-05 4.476273922528875e-05)
(-0.012983188501790017 0.010754282448031 -0.008896619718417875)
(5.592666010609693e-05 -2.3497638674608363e-05 -0.0005195225633330146)
(0.010901047736508164 0.010257308660726161 -0.009701583602997334)
(-4.6812696057135065e-05 2.3974591739545457e-05 7.458595451190907e-05)
(-0.008774126869179529 0.00895991205314031 0.009828179594320337)
(-3.785703630168096e-05 -3.0124180424227406e-05 -0.00015967690039641485)
(-0.007015790698075981 -0.007284994671866803 -0.008344294934651254)
(-4.361953631767242e-05 -1.2146032089700797e-05 -1.304396239394088e-05)
(0.004487488930792019 -0.0046691949751539955 0.0053711111030785765)
(-0.00010016136647093416 1.3383453628929252e-06 -9.084358171798205e-06)
(-0.03652853269639484 -0.02617146386448008 -0.012312586165023563)
(-0.00011556457578114849 0.00016530213955368565 -6.7745093095442296e-06)
(0.030672484704597165 0.0249651048339168 0.0134118969200912)
(4.975235097180579e-05 -0.0003338393105149156 9.333281307489399e-05)
(0.024689665484493913 0.02180434948889777 -0.013591450010444232)
(-6.830725500740783e-05 0.0002843817218380576 8.891766625503858e-05)
(-0.019732831606963284 0.017726778038999982 0.01153592658680489)
(7.563400711125165e-05 0.00038077520510132365 -7.413948796061895e-05)
(-0.012634850875523658 -0.011358440359082938 0.007427574597229032)
(0.002078106658731198 0.002754294935178202 0.0012314951857253168)
(-0.03438954663818752 -0.02544845117108798 0.012826966256261445)
(-4.139712634644477e-05 -0.00044182175982537396 0.0002922508540819111)
(-0.028890695318058934 0.02429742671553472 -0.01396843263407779)
(0.000874000623866911 0.001062500371462086 0.000372180445069714)
(0.023253417766917864 -0.02122158511605035 0.014153650625429112)
(-0.0007861905958941514 0.001430597595134294 0.00035284982820571535)
(0.018590615637445306 -0.017248480037722468 0.01201764375372671)
(-0.0002716518910182128 -6.43171109281458e-05 0.00019686434697612195)
(-0.011900132671645676 0.011054442909813448 0.007735696389922124)
(-0.0005162419306867675 -3.1889645576265927e-05 0.00032717741866067373)
(0.03264755150504206 0.025237697706843677 0.014341521737835651)
(-0.0019547873277490422 0.0012455485979767599 -0.0013749875480761177)
(-0.02741986104025002 -0.024079137992444807 0.015622558288841385)
(-0.0012108178023167422 -0.0013920263191012174 -0.0006644928111829024)
(0.02206380312348774 -0.02102283255546493 -0.015825214138864202)
(5.606959290616778e-06 0.00012450574721441216 4.2835221398586685e-05)
(-0.017643636012298847 0.017096991240825213 0.01343871999668017)
(-0.00020510770947885427 -0.00017196852512442592 -0.0002171386365255798)
(-0.011294462615797102 0.010916994936890563 -0.008650536626430897)
(0.0002689958763087039 -0.00027566993644645107 -0.00019367259142222005)
(-0.030661978775878215 -0.02455994480245043 0.01614627192754987)
(-0.000658147089107469 0.0007495725190351316 -9.467191599264536e-05)
(-0.02575074166128919 -0.023430411583897942 -0.017587650987763912)
(9.287636898729577e-05 0.0006228531410488167 0.0002760475563992322)
(0.02072490194045168 0.02046300849420884 0.01781692925731185)
(-7.576593954536615e-05 -0.0003100735868961403 -2.541880326146021e-05)
(0.016569830480750274 -0.016637237817215156 0.015129746185640823)
(7.352049417565827e-05 -0.00047285174559207033 8.357923302844272e-06)
(-0.010553648497251211 0.010659048217928273 -0.009686104158181406)
(-0.00011681838885894008 0.00017586224685959867 9.375017622897312e-05)
(-0.02704752972482792 -0.022109359361960845 0.016395747869855176)
(0.00024274884120068906 0.00029497557087963897 1.8218846687600094e-06)
(-0.02270041129049702 0.021070011553391197 0.01786083697101614)
(0.003421469319940525 -0.003132760237943388 0.0033128401851060412)
(0.018280215265073063 0.018418250485353276 -0.018097434464528474)
(0.0007416951858609474 0.0004211979144887834 -0.0009115179757099426)
(0.014615748197869226 -0.014976677327452847 -0.015366777101713558)
(-0.00026302745695806144 -0.0010047949646184628 0.00017227562321948142)
(0.009211935241136431 0.009585266583707421 0.00974985708003674)
(-0.00018404384294232835 -0.00011332990162943501 0.0001717747671838689)
(-0.024083327023382308 0.019862816622167156 -0.015776658440747764)
(-2.1017035108903674e-05 -5.1450198703486076e-05 -0.00020171836237485748)
(0.02022520740616535 0.018945052856249284 -0.017197719342801336)
(0.00017714922057541813 0.00035190680141477295 -8.128918219033769e-05)
(0.016274622983856853 -0.01654783416241145 -0.017414433655541246)
(0.00019058746219968435 -0.0006444192214756115 6.134511694281753e-05)
(-0.013015158855083881 -0.013455585474796918 -0.014792946102679293)
(-0.0001553894247796907 0.0004128997687267353 9.735047111465516e-05)
(-0.008330828261651825 -0.00857206251129208 -0.0095222418297272)
(2.2570361871768423e-05 -0.00015175038591514031 -4.360605546031937e-05)
(-0.02154796579990571 0.017826102920998687 -0.014634908708913102)
(-0.0004002353004934385 -0.0004267715336871459 -2.02925622738039e-05)
(-0.01814143771170155 0.017051300516060883 -0.015944778834281886)
(-0.00027149297712083023 0.0003740244497730316 4.365577298408976e-05)
(-0.014600722005133442 0.014891451772213581 0.01615449829921818)
(-5.1632395316882375e-05 -0.0001782979518127621 -8.327119405230062e-05)
(0.011673829286840218 -0.012108038472240611 -0.013716309995860288)
(0.0001702928758265948 0.00027667302451687986 -0.0001453791849735257)
(-0.007472465626882165 -0.007754408499127841 0.00882994682417188)
(-0.00010329899057060534 -5.805606133585885e-05 0.0001018742918728903)
(0.018698430397728488 0.015487100687015698 -0.012796182619995584)
(0.00035240706857676693 -0.00034408051416161766 -1.6475516622455076e-05)
(0.015701859640358713 0.014771544760008873 -0.013946677861682388)
(0.00025137241815332173 0.00018142194101789118 -0.0004714292502509582)
(-0.012637666382308016 -0.012903025945350035 -0.01412969608768999)
(-0.00017090001052866941 -0.0002340168001696004 6.026875286693899e-05)
(-0.01010419093505847 -0.010490914271847215 -0.01199744549449687)
(1.4375905701716416e-06 -0.0001297574979872452 -0.00010487305482522963)
(-0.00646378199318429 -0.006725844004867768 0.00771656245605777)
(-4.141950344175573e-05 -2.7487770794322047e-06 -3.637108997240523e-05)
(0.014635513912621367 0.012125532665893736 0.009827375863759466)
(0.00014552351386816777 -0.00015645342445345914 -0.0003871090369799066)
(-0.012296312418705598 0.011569993851819548 0.01094501016214195)
(0.001692275024338153 -0.0017841487807144796 0.0010051519133192457)
(-0.00989124656052484 -0.010099426858998405 -0.011089401658875201)
(-0.00014417700087574533 0.0002550610700188834 0.0002617844179688003)
(0.007913451714797825 -0.00821804561898685 0.009416125569387025)
(0.006487050179120186 0.0068423373014265656 0.004254650675664629)
(0.005065947504625197 0.005268153831693716 -0.006061378858714119)
(1.2790827527577241e-05 -4.802583243194917e-05 -2.1801008640047568e-06)
(0.008898215789557158 -0.007374735580790486 0.006169121754859941)
(-0.0009838713321733774 -0.0008487533652554076 0.00032630575702015163)
(-0.007541128116710477 0.007097314723326637 0.006719900018912242)
(0.0002811480206136951 0.0002716394419737848 0.00013792182046124484)
(-0.006061241100160204 -0.006191646967706252 -0.00680578576637759)
(-0.0008909665257587105 -0.0008892537550726133 -0.0008104150019079582)
(-0.004856831267381882 -0.005044121983577554 -0.00578088788786295)
(-0.00021412950252936946 -0.00023134457310111935 0.00030889355274581903)
(-0.0031094556725199864 -0.003233986102361868 0.003721249889939983)
(-2.1645832774508678e-05 5.6369003593246655e-06 -2.9750827400424305e-08));

qMainSeed ( 
(0.0008287326837670582 0.0002475282106381106 9.799714674100402e-06)
(0.11605098501477414 -0.058356919342572186 -0.01853885858107438)
(-2.5767532745871166e-05 -0.0003946929203716582 9.6460115515732e-05)
(-0.0977145510362667 -0.055576802028142434 0.020904413289568418)
(-9.468068908324094e-05 0.0011602675911650392 0.00021072490808950542)
(0.07673736613827965 0.04548795893001119 -0.01877060468957419)
(0.0004283104696319287 0.0018800165230271517 0.0006047266064263867)
(0.05834248194756431 0.03476867896500325 -0.01457740336884834)
(0.00017631716275436947 -0.00032930353038393347 -2.501832564878428e-05)
(-0.024289375452626466 -0.014477209170100907 -0.006074046088230683)
(-0.0031143607708688133 0.002447164718548187 0.0009301199820821414)
(-0.10929000744828225 -0.05679793303672213 -0.01930622502706853)
(-0.06057822643284829 -0.017029508478704592 -0.00136135119365375)
(0.0920232411547781 -0.05408887399763689 -0.021771605618554127)
(-0.0048860425936763175 0.003967558701653126 -0.0015557761054100449)
(-0.07229311098547916 -0.04426506437936923 0.01955061802641458)
(0.0035091009919261465 0.0029683970578578303 -0.0012378736065169428)
(-0.054839222632660514 -0.0337400613045691 -0.01514124661254904)
(-0.00025278849711320373 0.0005436157761722193 0.00014398665100902357)
(-0.022874568783248717 -0.01408088904343336 0.006322675352423342)
(0.018790362732351233 0.009231321524831927 -0.0029723924097435745)
(-0.10372410614314923 -0.05628120590766338 0.021581848024369174)
(-0.004013882717850085 -0.0008395667682942378 -2.8016558184030844e-05)
(0.08728730608503087 0.05360821221731304 -0.024341056099398673)
(0.07291585852487789 -0.04641565924960798 -0.0223615639458441)
(0.06767495521171348 0.04353781632183735 0.021678836737066776)
(0.00034354812550666994 -0.00028145055016153225 5.366298583313153e-05)
(0.05214832769888388 -0.03353774366570075 0.01697467668915161)
(-0.0005149647814194885 -2.3333854372094826e-05 1.4997879434135372e-05)
(0.021708578445228673 -0.013964123252183654 0.0070727578512864864)
(0.0005337921021018252 -0.000407032810844954 -0.0003198424857326753)
(0.09740322307326943 0.05476884567506847 0.024303967961138033)
(0.00022699204082794573 0.0006536698641469635 -0.00047176759121993303)
(0.08198224504233699 0.052164211697027105 -0.0274020455159949)
(0.0010637390580936084 -0.004657469356424483 0.002637955057676554)
(0.06439093910383467 -0.04268906385164861 0.024609716830233642)
(-0.001863953441884698 0.00019715261427013476 -8.181338020080691e-06)
(0.048969611851092686 0.032613676661279054 0.019106224073248464)
(-0.0002411343640203717 0.0005865466581331211 0.0002727095979760973)
(0.020380786671374457 0.013563176854902572 -0.007952250088122528)
(-0.00017625499302511156 0.0003919470781070875 -0.0008802245825430708)
(-0.0859261866635708 -0.04929521099014552 0.024675448832576153)
(-0.0017277275551797553 -0.0001232865628388341 7.237093833570964e-05)
(-0.07237050942744293 -0.04694866667520905 0.02782766091051304)
(0.003158774900796762 -5.588828759848919e-05 0.00012263472219313629)
(0.05683601880980028 -0.03830740451215969 0.024930077968734924)
(0.0010874893133174617 -0.0016968157156935532 -0.0010191461809504793)
(-0.04319870213401351 -0.029338825583083778 -0.019394691064941995)
(0.005834026063514381 -0.003189491985646797 -0.0021529236290666483)
(0.017979520826994336 0.012230792404982205 0.008087356386587623)
(0.0008745652844525203 0.00032713145405607847 0.0006911679619075258)
(0.07651720721281324 0.044289822090365916 -0.023757760664654244)
(0.002768697758350427 0.00021873997725374846 0.0003981646173824399)
(-0.06444497119663464 0.04218411330327737 -0.026792713721879014)
(-0.0022425682880167206 -0.00018270950502625766 0.0002451976234528053)
(-0.05057754403402317 -0.03435441748243831 -0.023953984373487162)
(-0.0007511407938780903 0.00017577433531359488 -6.482114572320101e-05)
(-0.0384568928323604 -0.0263904087030741 -0.01868590234955041)
(0.0008053402211605883 0.0006145358093395201 -0.000313164664315473)
(0.016014143709450333 0.010987900356933256 0.007785304886205083)
(-0.00013581881115153335 0.000284686364547702 -0.0003209901490837499)
(0.06861810871898212 -0.039843198869582354 -0.022015182399516435)
(-0.0026784821467539985 0.0008950327587822989 -0.00020438792121663666)
(-0.05780311531168742 0.03796314481604629 -0.024843290872440485)
(0.00042249899648672695 -0.000978272614797203 0.0008209276807294374)
(-0.04538803398967868 -0.03106891756701804 0.022312681753446167)
(0.00014855003896816377 -0.005265082195422126 0.0037788086788592807)
(0.034482116057067705 -0.023749218741806008 -0.01732636310388468)
(8.376567568858235e-05 -2.69497623387207e-05 -9.985425142142206e-06)
(-0.014364441798188054 0.009866275296983121 -0.007204589996254051)
(-0.00040168091813822215 -0.00014256371657465024 0.0003276048996504141)
(-0.059399229288886655 -0.034534124281377136 0.01927324717833866)
(0.0013198075812522422 0.00036860852499573214 -2.1551107094115284e-05)
(0.0500312735214805 0.032887562119248405 0.021725959238506856)
(-0.00044522029468946784 -0.0008395658672661823 0.0008545840666777538)
(0.0392569424616613 0.02691595367827575 -0.0195150040993934)
(0.006133791114489852 -0.00023106750911322876 0.00021973623392464292)
(0.029237443674157447 0.01943072528556367 -0.014314934476282059)
(0.00016906712365999223 -4.344363587053493e-05 2.417420101392501e-05)
(0.012392018772606163 0.00855231727658739 -0.006302539937495168)
(0.0002390760769722595 -4.0186933442407514e-05 0.00013310870300890375)
(0.04652270264164124 0.027051444744544226 -0.015117742796140829)
(-0.0007382371630595487 7.355968541246274e-05 -0.00011211288505888825)
(-0.03418315112940156 0.022618012958549972 0.015021487086513526)
(0.0011246105942927702 -9.47747892721218e-05 6.413513045592415e-05)
(0.03077316590005276 0.021079996647181624 0.015310271588401054)
(0.0005416757567224599 0.00022811188398831774 0.00022345045028569446)
(0.02328609892604336 0.01600393824355518 0.01180685448592998)
(0.011217344986288574 -0.008009856231328284 -0.0059027897761954355)
(-0.00972965444043456 0.006707072531518289 -0.004952591651010931)
(-6.175820723208239e-05 -0.00015154430292775285 0.0002371152151999826)
(-0.02854937120818251 -0.016599074070262218 -0.009282061703398754)
(-0.0004941899094784365 -4.578643187415182e-05 -0.00011119377063714945)
(0.024050213423435118 0.0158114158913563 0.010467307421224996)
(-0.0005558910702998449 0.0004844804255813322 0.0003570159800839473)
(-0.018870915334695957 -0.01294276765200192 0.009402200445371434)
(0.0008158518852642329 0.0003699678041682898 0.0002479091757956194)
(0.014355496160638165 0.009893698618866189 -0.007301924866023775)
(0.0001856583054172217 -0.0004114834433227206 0.0003093082265452456)
(0.005974052356127576 -0.004119127858977587 -0.0030419702329965983)
(-0.00024601335484645875 -0.00033858186146606647 -6.799264975691892e-05)
(-0.1055934905110901 0.05105334001257337 0.016646634977351457)
(0.00010598770892439803 0.001364130654929741 -0.0001355816078202439)
(0.09205809006712509 0.05638325746945695 0.021940535647471542)
(0.0013196275102300389 0.0018011520044994588 -6.020432635559884e-06)
(-0.07229434398483152 0.04612432674933656 -0.019700580741162203)
(0.0004514559856538684 -0.0010925001994887009 0.0002391477287376088)
(-0.05398651313706904 -0.03455789330499969 -0.015015501554947575)
(-6.099800239269595e-05 0.0006173782300861434 -9.183132917180862e-05)
(-0.02287662866937194 0.014687469241499105 -0.006374985486512303)
(-0.0021424892819347625 0.01564987572759537 0.014284516740660542)
(-0.09831598589144283 -0.05590446009869269 0.007831691635409789)
(-0.07524308807328974 -0.02998222174100495 -0.0046256593416592025)
(-0.08668860469815261 0.0548639371789216 0.022850279422717553)
(-0.0005348961231439062 -0.0001277941511779047 7.433680146083333e-05)
(-0.06808469852473775 0.044884369605343914 0.02051938683388983)
(-2.1847443744169388e-07 -0.0005458462548430316 9.679808524131519e-05)
(-0.05175216431164672 -0.0343278701291265 -0.01593395404760241)
(5.711517990018499e-05 0.001095777797394116 0.00026943103812204034)
(0.02154591590129626 0.014294447817088083 0.0066392716361248945)
(-0.0043522599179794735 0.0028086521801940034 0.001599465538205374)
(-0.09613609507041801 0.05709423265119951 -0.022307028820353722)
(0.04453469328028362 0.05556340162567715 0.021769371034504634)
(-0.082261396519901 0.05438200374009334 0.025546148396937224)
(-0.016205588346860433 0.012346093721459088 0.005874937194443547)
(-0.06459574352680707 0.04450074467188584 -0.02293774378345924)
(0.0005921777216024184 0.0012965731127649468 0.00047577451157060504)
(0.049109361968925694 -0.034018315672577196 0.01781573602877241)
(4.630207717542206e-05 0.0004969174709631133 0.00014848194271134522)
(-0.020412313774584637 0.014131704187636476 0.007407834785088843)
(0.0009130919490677527 4.629280643262168e-05 0.0016649708466063002)
(0.09174342690378641 0.055558682425126696 0.025508010252649524)
(0.012617718643658979 -0.00134985215552339 0.000979806660743263)
(0.07725099703270145 0.04205892742163647 0.02518095050828912)
(0.01665186277114394 0.011847967836215561 -0.0068343739132742855)
(0.06061070327344957 -0.043290645483734125 0.02581445260934315)
(-0.007744617033870889 -0.004178725472605592 -0.0027510345056964845)
(0.046123663536316244 -0.03310173222757109 -0.020057503936803188)
(-0.0004509636215119316 -0.00032440021105162385 6.733353239442633e-05)
(0.019202814577100526 -0.013782864654292645 0.008357291533688216)
(0.0010296659223844847 0.0004386517123646516 -4.687992344199305e-05)
(0.0808776574944346 0.04999485108678634 -0.025907968329174084)
(-0.0251144417324757 0.017258493487897292 0.010039781323527097)
(-0.06816182896172998 0.04762498861347783 -0.02920364144917367)
(0.02091961929779329 -0.017231545490374124 -0.010974963599553867)
(0.05351282800783006 -0.03898079690342501 -0.026234461288067886)
(-0.0007313189456945017 0.0014466964193316993 0.0008246570274032458)
(-0.04068661991364745 -0.029795412013877497 0.0203712385698667)
(3.972786520411926e-05 -0.0002706854695129465 -0.00011953969815352042)
(-0.016929971411681857 0.012407223833408358 0.00848725069070908)
(0.0012162101012233456 0.00036353093934681136 -0.0003080034171648016)
(-0.07206718921165935 0.04492935893920903 -0.024936186363490723)
(0.0005595465499146032 -0.001319216751624193 0.0013661941102608925)
(-0.06065548602037236 0.04279364725374264 -0.02812331533623808)
(-0.0010325921603830989 0.0026412794938303606 -0.002103297648256722)
(0.04766654063465189 -0.03501561397287577 0.02525208593472598)
(0.00038719061047340705 0.001765420703314391 -0.0010502792288416796)
(-0.0362124262587378 0.026770262258650902 -0.01961118533057475)
(7.637886949887606e-05 -0.00012177021019431992 -5.801509594767122e-05)
(0.015083536382288463 0.011141872866980412 -0.008169053512314083)
(0.000916444847471645 -0.0007136966744847905 0.0008920529155044968)
(-0.06463778052701927 0.04042820636783405 -0.023114335074979647)
(-0.008785344901557206 -0.005447945882500086 -0.003008130415075778)
(-0.05444212903114025 0.03850971030491551 -0.026074253601797884)
(-0.0013874186926201694 -0.0002616352705288049 1.248893682666371e-05)
(-0.04274429567223252 -0.03151208746832948 0.0234135945132311)
(0.0008869918672789904 0.0003219425314137078 0.0001954080071058987)
(0.03249017064208795 0.02409093573537242 0.01818510034399789)
(-0.00047498345334919407 0.00021127714039288965 -8.410670592673949e-05)
(-0.013522374464481669 -0.010031705406255257 0.007577090139473413)
(1.4229081366732022e-05 -0.00013536373381444302 -0.0002507493193108973)
(-0.05594631939815937 0.035019615298867796 -0.020201286695493648)
(0.00015362253343981528 -4.829028698421952e-05 0.00013280914603142527)
(-0.04712116882099694 -0.03336642432403668 0.02280939126292391)
(-0.010353869333734608 -0.008544482916178207 -0.006535640609235753)
(-0.03700470295940095 0.027300330860619552 -0.02047798596276728)
(-0.007211089617219074 -0.0035849250973091482 0.0026825827774982825)
(-0.02812704163314291 -0.020869945382476218 -0.015904449712654988)
(0.0008196950221804586 6.948962799723334e-05 -1.4794630648455342e-06)
(0.011704721145934146 -0.008690979978302472 -0.006626974740322686)
(-3.326386933604441e-05 8.727141118943764e-05 0.000130748493776985)
(0.043806369594160864 -0.027440709712685505 -0.015872966561590585)
(-1.7097330598487353e-05 0.00030292020897306594 -0.0004113316097744371)
(0.036904319948281514 -0.026125961020422445 0.01788235818860563)
(0.001824200127531821 -0.0010352537106624897 0.0006626702515950412)
(-0.028982252705153644 0.021388742559694442 0.01607413919389808)
(0.0007321789925264366 0.00015593993993651893 7.280510537284805e-05)
(0.022001250123792445 -0.01635004194303026 0.01248318704839907)
(-0.0014051902023256414 0.0019071167543141553 -0.0014355284069976404)
(0.00916305149200721 0.006801879987862061 -0.005197637604779503)
(-0.0010115175836165403 0.0005480971951236884 -8.82976491940294e-05)
(0.026726569213276218 -0.016768020301131652 0.009721608957817271)
(-1.244104156717701e-05 -0.0002239968631408585 0.0002638758893261572)
(0.02264547593273272 -0.016042836736899758 -0.01099019313356373)
(-0.0005215140756674302 7.424326245205488e-05 0.00017452049634425682)
(0.017789054818788372 0.013128851314453264 -0.009868287900033886)
(0.0002505384730157633 5.0219802516529845e-06 3.177127595763538e-05)
(-0.01351850211346648 -0.010034586053599963 0.00766270155546048)
(0.0003438948581617458 -7.57446073262164e-05 -7.972761641069391e-05)
(0.005589750390022207 0.0041492392129308725 0.003171326645090873)
(0.0009219626219736988 0.0009214089920891779 -0.00030128451251500214)
(0.10372710584829863 0.0627376351454488 -0.02214492898952975)
(-0.001795830104517665 -0.0006086974047923431 -0.0005462043336661542)
(0.08733170771982864 -0.05973206177478745 0.024968482474542707)
(0.0008743711485673176 -0.0020913235417229746 -6.639243302060044e-05)
(0.0685992886990868 0.04890977626368312 -0.022423787625477334)
(0.0005806635708239477 0.00029587249156190867 -8.950228372921619e-05)
(0.05214791018250674 0.03737705725765169 -0.017413141165670755)
(-0.006463769453340969 -0.004286731900554142 -0.0021107453478300584)
(0.021710218361680824 0.015565470808748419 -0.007255929413520089)
(0.0007964234771443714 -0.001026082097607339 -0.0010865014789727158)
(-0.09769147810599103 0.0610611606628133 0.02306405245881877)
(-0.0030565454791166903 0.047944796734234706 -0.01429320513361637)
(0.08225373016841056 0.058163580483535725 0.026006907725788793)
(-0.000704321895385116 0.00013834933810241183 -0.0001424580552949051)
(-0.06462040342261353 -0.04760174135603914 0.023355022895583253)
(0.00011159630752474473 -0.0009639296587464225 -0.0002477593325552494)
(0.04911469454882378 0.03638589499568458 0.018136021246003144)
(4.599416678021448e-05 -0.00016831963168276466 2.9221616068155875e-05)
(-0.020446847192095153 0.015150664093831227 -0.007556828703419498)
(-0.09873456572003919 -0.05849224502297382 -0.0020919696044419452)
(0.06226183197696269 -0.019849322582194306 0.017142628792857047)
(0.08337126855660343 -0.039361914560423684 0.00775396654730838)
(0.06529975708935104 0.00845583798857171 -0.014513951691215832)
(0.0003465295024715563 -0.00046228237483811563 -8.291725718561043e-05)
(-0.06132458832350641 -0.047173764656748454 -0.026112875992980792)
(0.0006340295075606748 -0.0015756890860173563 -0.0005873111298667756)
(-0.046449228569067524 0.0360356665094367 0.020241829935032655)
(0.0002793613351140226 -0.0003724680390474877 4.723542607685635e-05)
(0.019403606137535792 0.015013410239154002 0.008449156690977766)
(0.0011199379271379134 0.0005492924001256731 0.0005361534816717485)
(-0.08701747775410996 -0.05886696498877423 0.02902757471922317)
(-0.003777097270544887 -0.0030686932545604608 0.0017755241624511937)
(0.07332960827196554 0.04647856546814548 -0.022165016045480424)
(0.00017713451987302493 -0.0002762493797019165 -9.594563143041645e-05)
(-0.057574826908978444 0.04590216913590745 0.02939603544394032)
(-0.000610072034422227 -0.0008472338679287423 0.00046624820677753455)
(-0.04377392549275658 -0.03508580686821932 -0.022828768885718772)
(0.0008330287144523496 -7.772726693768379e-05 -0.0002204825390466354)
(-0.018222950652403223 0.014610341358853633 0.009512340887505468)
(0.0002958630986572717 0.00011401212809516401 0.0011333893380364281)
(-0.07679083520520406 -0.05300776335114022 -0.029488380112550113)
(0.00025172353213691686 0.00017613556534071403 -0.0003684291918432061)
(0.04694514599033645 -0.023003918644833077 0.022835757998848513)
(-0.043718094199060545 0.012888865885871249 -0.0032976814479127358)
(-0.05079809455053626 -0.041315878120195014 0.02985900592536079)
(4.570238990351793e-05 -0.000623912706055617 0.0003163277193003564)
(0.038611529903865904 -0.03157942917648891 0.023185588006670966)
(0.0003611529203886638 0.000768507731982339 0.00042724787229721364)
(-0.016068669914492368 0.013150192094962702 0.009661497403843979)
(-0.0021867909333563437 -0.0011657638073987431 3.998079274786083e-06)
(-0.06839160931897137 -0.04762519905320027 -0.028384025499616)
(-4.734062307802362e-05 0.0003335183128245245 0.00046214469676789663)
(-0.057596471056923206 -0.045362047329398685 0.03200816768088905)
(0.0017261682759060783 -0.003134251832556588 0.0027994875958778616)
(-0.03580383203622003 -0.022808652371803906 -0.020372660117729906)
(0.0016317733955225967 0.0002351164018603853 0.000389703201382285)
(0.034381669654798906 0.02837568210707193 0.022321763352272185)
(-0.0005322729509955728 -0.00016649836976893024 1.4442744973017575e-05)
(0.01429326875817564 0.01175407181737707 0.009263195613869245)
(-0.0013543948032162193 0.0010881243215493247 -0.0010900065066203753)
(0.06134302867353651 -0.04285859057520566 0.02631428989443339)
(-0.0006220882853904888 -0.0007643560404622798 -0.0007407330102787064)
(0.051664395067805194 0.040820811056137184 -0.02967740256073993)
(-0.00046062346015869664 -0.0002828086366255051 0.0004898464773125204)
(0.018923215237542715 -0.01819533112887789 0.016022014491201407)
(-0.000659895924406438 0.00021512790850184316 -0.00015246146671273292)
(-0.030839328244500728 -0.025536093201750275 0.02069802983975495)
(-0.0007836722113423309 0.0015942042785277808 -0.0011142397185353334)
(0.012833624628329477 0.01063346953207284 0.008624027601903738)
(0.0003472397410167573 -3.825175804708162e-07 -0.0005729590688731515)
(0.05309223578515921 -0.03713203137353243 0.023023444579760983)
(-0.0018158445813816978 0.0007417796167817252 0.00010050598173004433)
(-0.04471651208131256 0.035363030361788256 0.025946116681900836)
(0.0017886958392849582 -0.001187799340708845 -0.0008308752566338165)
(0.03510589522849152 -0.028940622103812916 -0.02331247193480805)
(0.0005113280976650273 4.04400248805958e-05 -8.866703917803999e-05)
(0.026682574403571524 -0.02203958343476177 -0.01804257026457242)
(-1.3343899005145984e-05 -0.0003216534941796477 -0.00022720050414604028)
(-0.011112321321602203 -0.009211874745665927 -0.007542940241559544)
(-8.296118496216174e-05 0.0002708757005586538 0.0005243144749138512)
(-0.041568000675190585 0.029072960362500674 -0.01805346704849785)
(0.0005997496971227838 -0.00016685811483342427 0.00013575555057040095)
(-0.035023181109060275 -0.027704109862555285 0.02037237316860913)
(-0.0004676805862814081 -6.296239966066593e-05 -0.00022359567034949818)
(0.02749747672221975 0.02267245392953752 -0.01829623207936663)
(-0.00022905840825699475 4.8951254399118524e-05 9.351611202584231e-05)
(-0.020903648815403266 0.017327274750881468 0.01420378291218952)
(0.000418844773485626 0.00046266296571281107 0.00035872655125203807)
(-0.008703434513526063 -0.0072157771094532005 -0.005919522480002725)
(0.00021678508957119014 -0.00028745354730631525 -0.00038923502036104866)
(-0.025524158798921934 0.017854637070957517 -0.011093005375431354)
(-0.00022716848403079237 -1.2925457049343743e-05 -0.00016454757428143758)
(0.021497411492092174 0.01700555465505014 0.012508191728864027)
(-6.327937014889831e-05 -1.3802837927391055e-05 -4.729654027823755e-06)
(-0.01688167577596134 0.013916691493186402 0.011232465827161198)
(0.0006824665170280012 8.448694624483304e-05 3.273647378369723e-05)
(-0.012830478415341533 0.010637512539719588 -0.008721761368369422)
(-0.00011803733357846933 -0.0004897618092231859 -0.0004199963123522591)
(0.005341650396946762 0.004429471930785611 0.003634333931135474)
(0.0007537611708115887 -0.0008963606434479325 4.916626531385033e-06)
(-0.0981643406172235 -0.06605381815426734 0.025964672395317065)
(0.004191464083191949 0.0037912981171677046 0.0011130889687312197)
(0.08267908542546494 0.06291155184105736 -0.02927915379561757)
(0.0002505316800563028 -0.0008317460466151188 1.8666513887286898e-05)
(0.05317735622394384 0.040459580396410455 -0.02131044002212159)
(0.0011342726762541442 -0.0025439869578115118 -0.0006285618361263325)
(0.04934685525536164 0.03935496349814311 0.02041649136537586)
(-0.0011234758106666229 -0.0014063355870406592 0.0005071602782030017)
(-0.02054585865521097 0.016386626708130073 -0.008507264521089818)
(6.788295725188466e-05 -0.0004589110395789287 -0.0005633111405203178)
(-0.09245514931525986 0.06428236189435703 -0.02704183148849957)
(0.0019013385393851937 0.03024362905092034 -0.008742613360270397)
(0.07636222776666311 -0.06116700559978282 0.030253370285636245)
(0.0011073504587264971 0.0022156529196932025 -0.00010460525532327135)
(-0.06115292267325525 -0.05010802452396577 -0.0273825835382664)
(0.00036323145723674504 -0.0008489215817474887 2.781605370508924e-05)
(0.046450629665649626 -0.0383028633929886 -0.021256836003143705)
(-0.000392032542262081 0.0015913389493937805 -0.00043319135631463484)
(-0.019346377035853797 -0.015949472713253893 0.00885889652099937)
(-0.005205592867247873 0.00392499084715187 -0.0006343182529535231)
(0.07488525817995245 0.032823958600892614 0.02760061371291702)
(-0.04829985794332245 0.006790557116774681 0.032060068272680126)
(0.014901392286247948 0.05756491835231898 -0.018579205992761166)
(-0.0002794297184210774 -0.0004846329160544568 6.95937424599774e-06)
(-0.057823035659771545 -0.04961675848680698 -0.030549954634127654)
(0.00044643067985089237 0.000557454494645147 -0.00029003519756681096)
(-0.04411017562369434 0.037936615525700434 -0.023773260198670938)
(-0.0006438844626358506 -0.001255543145134889 -0.0005421978686251069)
(-0.018361974799223493 -0.0158067789638977 0.009906143149014803)
(0.061577737855887604 -0.04274914352591252 0.002053385683184959)
(-0.08232009152581787 0.059814491029280485 0.018032765910216266)
(-0.07393690792554997 0.052231302548111744 0.024284374953693674)
(0.008288910732072703 0.05298790119756614 0.03427609750344512)
(0.0003385009353225974 0.000344274630251146 -3.676942985413217e-05)
(-0.054496302676282 -0.0483045676916867 0.034468415393967784)
(0.003742771889724613 0.0014598361103972902 0.0016704641505548164)
(0.041425979711320365 -0.03693603855490799 -0.026766288003648216)
(0.0004301227298224062 0.00012554016783039348 -8.44044507417811e-05)
(-0.017245018577630826 -0.015379673222543792 0.011152842727631325)
(-0.00037061253023704425 0.00012054293663483131 0.0005920357470471199)
(-0.0726806593366875 0.05579830792557133 0.034565036883458945)
(0.00024147410432095925 -0.0003457818613083368 -0.0006343564563445126)
(0.027275264695646718 -0.04755774581768796 0.023338354939358187)
(-0.05366105770672444 0.009901470693641716 0.01925227757594366)
(-0.047659928385258656 0.04326952577900094 -0.034787956892203924)
(6.011327854360044e-05 0.001047157356609699 0.0005672004521379448)
(0.036540250500526554 0.03323023043387074 0.027182098332847678)
(0.0006317969713479157 0.00011921145643904519 -0.0002434173206262215)
(-0.015206859903062812 -0.013843565346641084 0.01132772501206125)
(-0.00899684500458321 -0.00636068342649837 0.003485012061599382)
(0.06470968371119191 0.05012870953516669 0.03328373023742492)
(-0.0029878855061570716 -0.0020837794940317847 -0.0010692986614260025)
(-0.05449773015847129 0.047749070237867265 0.037530766967433175)
(0.01516838100610539 0.0032181385121841516 0.0055668010247981094)
(-0.04274662893557864 0.03897708336472702 -0.033623388295284315)
(-0.0014761703536933857 5.294710763004012e-05 -0.00026003419046845364)
(-0.03246673119765692 -0.029829077952826598 -0.026128881834919144)
(-0.002655248059523237 0.0020984188964121866 -0.0019342403435234936)
(0.013544823772536742 0.012432810147071946 0.010901352834191512)
(0.00018019512342432644 5.1319233004688014e-05 -0.0004907831513088586)
(-0.058053828681878535 0.04511611328257752 0.03085909214955278)
(-0.00043629220568891313 0.0007782334077270933 -0.0009594532014471107)
(-0.04886966542241321 -0.042896040988186376 -0.03469491202029017)
(0.0002500737087597772 -0.0001798084746723907 -0.0002635161278359717)
(0.03839876270337037 0.03516547112962954 -0.031250225710074964)
(0.0005000522348774623 -0.000694424521586625 0.0005766367116107677)
(0.02913623876638636 -0.02687105894348665 0.024253790402581358)
(-0.00019579368161149618 8.50324298652744e-06 -3.348619501329525e-05)
(0.012150723532303804 -0.011193147875206318 -0.010111523615173763)
(0.0007678040787591243 0.000429178348437184 -6.346504841605704e-05)
(0.05004834604021266 0.038963680437956665 -0.026940660297689992)
(-0.0013363457863414905 0.0004168956036403588 -0.000517608572029348)
(0.04231259654224531 -0.03722821238976494 0.03043847158238925)
(-4.165961196233264e-05 -3.51189670301278e-05 -6.891712454146177e-05)
(-0.033236267700773925 0.030467410923130857 0.027333865926550592)
(-0.023556734352964053 0.003162328643893227 -0.0035620955772244834)
(-0.025254450918886808 -0.02328921135524838 0.0212256693622864)
(-0.00029527032417021615 -8.845392871618114e-06 -2.6997119619888687e-05)
(-0.010207522085010655 0.009342512403596147 0.008532965246595576)
(0.0003473922972179697 -0.00019055162352229338 0.000407517864258874)
(-0.03934649143131634 -0.03061924665567724 -0.021177386629595837)
(-7.158447576799564e-05 4.277221043580099e-05 0.00014076439571799685)
(-0.033138175133316364 -0.029164339232284644 0.02388497498275089)
(0.0004910888453801952 2.005734772548162e-05 0.00022490011681249646)
(-0.026014195000564642 -0.02386320124287275 0.021451088272006386)
(9.477833824491064e-05 -0.00028636470116537733 -0.00034615301907672385)
(-0.019641492802227562 -0.018233213814008473 -0.016652171101014072)
(-0.0005056147729402131 -0.0001739525486772232 -0.00018492934137410047)
(0.00779456256381472 0.007361435575667426 -0.006715355077867874)
(0.0004542608584250364 -0.0005679528038357015 0.000870338296082514)
(0.024155716001747658 -0.018793017097702668 -0.012995208646536582)
(0.00010817470623177191 1.4976537873998173e-05 -7.117385108531701e-05)
(0.020340912665412447 -0.017900383571707586 -0.01466599789586967)
(0.0005256651698767595 -0.00027249203197754284 -0.00013329011966885538)
(-0.015976919712832324 0.014649523291588869 -0.013169396762885094)
(-0.00029667384078908116 0.00011661196298233569 -6.724805237291004e-05)
(0.012132636420985754 -0.011197629804006274 0.010226848630372145)
(-0.004443263784917404 0.0031368942010068304 -0.0028348384923451353)
(0.005046047152641691 0.004662828344312776 0.004261058020506736)
(-0.0005307932735108498 0.00016838715568422198 -0.0006090791656382249)
(0.085624989024348 -0.0617723257155674 0.027086518092097927)
(-3.8931922475705046e-05 0.001040564877354205 -0.0003030077308506919)
(0.07211693979061386 0.058819046060565594 -0.030546074788803737)
(0.002066355788904042 0.00018633341127866502 -0.0008145214192867161)
(-0.005138684582083178 -0.005899784503340332 -0.002670335886922002)
(4.125851753267914e-05 -0.001066248953167348 8.995270967362692e-05)
(0.043047331794260534 0.036765829114448485 0.021299809920579844)
(-1.2528850796727897e-05 -0.00018844797226916997 2.3348338341507837e-05)
(0.017919997677526646 0.015326681455759564 -0.008874984534525497)
(-0.0006520463258698099 -0.0011431914133734444 -0.0009705901058287617)
(-0.08064620577527146 0.06012030991283285 -0.028209940414397176)
(-7.384419186707563e-05 -0.0006070764530565538 0.00019096916546604392)
(0.011606871053950927 0.054638113355269344 0.008370136840957497)
(0.03359387408489664 -0.00850666060265531 -0.013914685885228859)
(0.05334216792399151 0.04685460278698338 -0.02856765972378238)
(-0.0007629772222754586 -0.0004177404044940032 0.00022014255625034453)
(-0.04054154005032929 0.035799123459447954 -0.022183655246218893)
(-0.01518982392065123 0.01239283336550843 0.008111282442040495)
(0.01687872483979911 0.014916474535147412 0.009243364328292944)
(-0.013398424814401948 0.009124929672260591 0.006246281563185541)
(0.07650637825285148 -0.05955144744621816 0.031541884829048725)
(-0.004165473699122661 -0.023513602879307528 0.017770650455189167)
(0.018849713795923578 -0.05247157712792667 0.007121311552563441)
(-0.00017882821112210904 -0.0015970964612021063 -0.0003943822669811128)
(-0.050617899172959196 0.046440134404022025 -0.03194037081267934)
(0.0003885059138678612 0.0007188291832824936 5.127830782382176e-05)
(0.03847182968283781 -0.03548549258130309 0.024803394416707838)
(-0.0004754686382082115 4.4001294335429396e-05 0.00016300804071931843)
(0.016017569577042732 0.01478237238407911 -0.010334930654086515)
(0.000123566244715598 -5.994308915238804e-05 0.00047094105863729543)
(0.07187394250767816 -0.05797679154269417 -0.03549801429720921)
(-0.03930750081790604 0.0005828804824344275 0.03689448423862602)
(-0.047860919131038966 0.0005849561545490611 0.03477349173299498)
(-0.0213716505062242 -0.006063466809305011 0.007911007232671777)
(0.047540981060235056 -0.04518898937566826 0.03596029554896725)
(4.029352937604151e-05 -0.0005418374230753297 -0.00022791671150622586)
(-0.031303827291667634 -0.030656875904391902 -0.024504883287906218)
(7.915157347688275e-05 -0.0002939848326738896 0.000147830908663639)
(0.015041016382221358 0.014380983450573355 -0.011635430175681838)
(-0.02084969652652699 0.021936424564527286 0.03510936870350724)
(0.06339332470105916 -0.052187333867193805 -0.03606110521408637)
(0.056099617445536314 0.04722614144435604 0.0019647435784227673)
(-0.02356055694197742 0.049683083705346916 -0.03053011672311626)
(-0.0003563493429912106 0.000889498491829377 0.0003532181936061344)
(0.04193518513870359 0.04066234028158941 -0.03651860903278373)
(8.099181663862574e-05 0.0009049242009361633 0.00046196863312856525)
(-0.031872594615184456 0.031093775540759334 0.02836233503162754)
(-0.0002491224482178534 0.00020662157184626705 -1.709555964720848e-05)
(-0.013268194001184062 -0.01294665623609129 0.011817868620346944)
(0.0016198762947001078 -0.0011703656052669137 -0.0012755144619794405)
(0.05639287164960303 -0.04685931246896142 0.03472396547772859)
(0.0006410249159688112 0.0003596801110804128 6.358808620231726e-05)
(0.04748576568606361 -0.04464790091966481 0.03915469968308706)
(0.006761139414276077 -0.006911929559903003 -0.0066155241140630535)
(0.0373422816866177 -0.036544023835576034 0.03516093323604543)
(0.0012338655542497089 -0.000575511299550558 6.318203294697957e-05)
(0.02835768422343788 0.02786290194735342 0.027249790166162975)
(0.0002932477741910248 8.13507264251974e-05 5.255602857539585e-05)
(0.011808446407326718 -0.011632470722762456 -0.01137545762491339)
(-0.0006637369945118692 0.00034937239377444743 -0.00032961635846185533)
(-0.05063802536982853 0.04219215153718879 0.032189337245166746)
(0.00040900091316392216 0.00011158548152642661 0.00019794360253823205)
(-0.04264926635414479 0.04018674761399077 -0.03630329308292003)
(0.0049195393707847646 -0.005309247127335736 0.005387543510561515)
(-0.015762077099590308 -0.030065244001945136 0.0318622550881316)
(0.0030292754955889693 -0.0019185900093096828 -0.0020916851546867597)
(-0.025455526718285965 -0.02509419810688718 -0.02529056871981239)
(0.0008445639033553354 0.00030730803233082585 0.0004499334322590416)
(0.010598425196649027 -0.010467268928098895 0.010548902592765075)
(0.0005843966410925739 -0.0003113462865416696 -0.00017936832915293175)
(-0.04382876002634912 -0.03655602995401628 0.028160871885550373)
(-6.410403646084408e-05 0.00012862124100786906 -0.00032601839593445934)
(-0.036906215061819195 0.034781841943238676 -0.03169225213654122)
(-0.0005986362223242866 0.00040655486494858785 0.0003082733959185077)
(0.02898816904707048 0.028493286828435514 -0.028516589901050823)
(0.0009851295064375624 0.0002902265138057322 -0.00011897195489401039)
(-0.022034749214063287 -0.021779872146124285 -0.02214359438858331)
(-0.0002940654365536127 -0.0002159637970506796 -0.00014294847087603898)
(-0.009172061634054547 0.009069108754716105 -0.009226766701559206)
(-7.715820653401715e-05 1.5036588488597613e-05 -0.00020578773623190595)
(-0.03432400486566713 -0.02863536865027648 -0.02210103452697107)
(-0.00025312211855238595 0.0001357576440548601 1.194847637348599e-05)
(-0.028911185314264377 -0.02727238100343297 0.024915529380634006)
(0.0003371981901404087 -0.00015289490633399523 -3.5889653169696086e-05)
(-0.02269799843857472 0.022316630423337192 -0.022378125695862557)
(-0.0005409257259476497 -0.0001838471410055614 0.0004422227015001241)
(0.01724830339791949 -0.017061713756121213 0.017379329263810066)
(-0.0031948020128557335 -0.0017350317705814404 -0.0017850665101028368)
(-0.007180908886933593 -0.007104666466669672 -0.007241545723197966)
(0.0010744911343412412 -0.0009289150164434327 -0.0009144852741105637)
(0.02106842903715348 0.017576825884972516 -0.013569012751176187)
(-0.00033835816609486543 0.00011960738897711347 -0.00011846416294749429)
(-0.01774555114852185 -0.016740353235122008 -0.015298208009510181)
(0.01002052643930779 -0.010054899940415805 0.009978108708079263)
(0.013936367365862453 -0.013700550622435132 -0.013739916398729238)
(7.619348081692768e-05 -3.2555096963843865e-05 -6.377018997620237e-05)
(-0.010591038070878392 -0.010470746194149479 0.010666394313166119)
(-3.3076283012964626e-05 -4.660292439580433e-05 5.293410563786015e-05)
(-0.004386396593750003 -0.004299837464742819 -0.004384997931824078)
(-0.0005302632952899249 -0.0006840935081432357 -0.00016404402488188558)
(-0.0744551824186184 0.055482142185537514 0.02613048349753754)
(-0.0002786713600620812 0.0007359318558944091 0.0003913130375701146)
(0.06270605741798327 -0.052847524666575066 0.029464378398404205)
(0.0017057697844499473 0.0006782561737345777 -0.0009892937621803113)
(-0.0492381313959027 -0.0432478494394997 -0.026457080595246454)
(-0.00016137905452409695 -0.0001652151239399488 -5.595750867708654e-05)
(0.037430330278662126 0.033020568015843764 0.020548417114458952)
(0.00038692485921454605 0.0002696860556353923 0.0001778581208606623)
(0.015576825642689338 -0.013764817166174486 -0.00855882790997754)
(0.0005060868664686853 0.0008590440195194555 -0.00031681737955454426)
(-0.06930879929334807 -0.0534693574361349 -0.02682307511701148)
(0.0016019165190723726 0.0010093910040801636 0.0009254885247367883)
(0.05906116057842558 0.05143378663347107 0.03068744979884785)
(-0.0002785736085146511 0.0011662897405964768 3.483068269676785e-05)
(-0.046385019648045075 0.04208513698418032 0.027558862426956307)
(-5.366065788901915e-05 0.0014545458960625484 0.00021588751360430628)
(0.03525266077452277 -0.03217341293884859 -0.02139972531169542)
(-0.00030242001179092264 -0.0008364008868895813 0.00028194334714339193)
(-0.0146763419736163 -0.01339757890370092 0.008916760579021177)
(-0.0008058259601870846 0.0009004605147785262 -0.00024059819610218784)
(-0.06654902904627846 0.053513302269406565 0.030429759023466195)
(0.0008213830670580755 -0.0001196289043418433 -0.0009420807610441532)
(-0.056050906162807154 -0.050968205657212606 -0.03431322271851575)
(-0.0003386349922696068 -0.000881534460092554 -5.2265997101103956e-05)
(0.044017526006021615 0.04168614223208834 -0.030813255122526508)
(-0.0033131650549422208 0.002820131780035026 0.0022963825690100075)
(0.03345640379159299 -0.031884608224831905 -0.023927518269786716)
(0.002418092625365707 0.0028834860864807143 -0.0018632949634454243)
(-0.013927572994024933 0.013276826227169228 0.009969869534584725)
(0.0005565904386731 0.0003071743948010273 0.0026365947703865756)
(-0.062423064734830384 -0.05200252393184157 -0.034232194950732174)
(0.0003147881785798733 9.436906048268934e-06 -0.0005847847039022819)
(0.0526272153886789 0.04954110244819568 -0.03863090398567608)
(0.01190908062444867 0.027293427879467976 0.0011532661337452837)
(-0.04131769298530639 -0.04058495039094103 0.034678693335938066)
(-0.0005349688761214777 -0.0007833541685230708 9.094271882888484e-05)
(-0.03142025741576122 0.03102563495837382 0.026938381225316794)
(0.00011773446284801018 0.00018890451377305824 -5.20196271062351e-07)
(-0.013081110786838933 -0.01291832916558723 0.011224533013808675)
(-0.004943498869456686 0.004029490640041821 0.0012622496271959514)
(-0.055114461589179035 -0.04686337243122486 -0.034779567283379)
(-0.050309348375126295 0.04300447431107835 -0.0003195397553745751)
(0.024651007215660443 0.00013550800199933202 -0.0378017745850824)
(0.006364703584317949 -0.014239162545279732 0.002020964192446232)
(-0.03644587635351357 -0.03653380846940984 0.03523131250790603)
(-0.00032203707757151714 0.00025148115223679057 2.235811158293719e-05)
(0.027713902814056827 -0.027926612763405845 0.027360833544353962)
(-0.0008388242552534129 1.2610771050978517e-05 -0.0003879231265357927)
(-0.011538351308200634 -0.011629413416464243 0.011400589480457779)
(0.00136264485353009 0.0010428584661797233 3.073481216877661e-05)
(-0.049055476547691254 0.04209411680656423 0.03349063762794623)
(0.0009457850878887066 -0.0004844627885927835 -0.00041385759451526265)
(0.04132825885707628 -0.04007961745422968 -0.03772768064362953)
(0.024317967145480922 0.017488901207958908 -0.003494550582648593)
(-0.032470126828266895 0.03282336501382765 0.03391956195799475)
(-0.0003781429427063036 -0.00031272333149191296 7.892483370479778e-05)
(0.024668764146732924 -0.025088981531910144 -0.026339243020062644)
(-0.00015255392708714817 0.00017149497601445048 -4.5265796843923156e-05)
(0.010271957206899567 -0.010440497178096874 0.010969445895799028)
(-0.0004250963974115206 0.0004910664891496331 0.0008715844188606405)
(0.04401785551700513 0.03788968951501851 0.031061083427045458)
(-0.0009251282341858207 0.000507186292568225 -0.0001645101243490743)
(0.03674052307327174 0.0358556167593859 -0.03488077430730405)
(0.00014542139653809459 0.00034658214178982067 0.0007121142801976825)
(-0.029106076647690042 0.020249517304749238 -0.01606804506428964)
(0.02485659816607758 -0.011310826955691354 0.004958612309517193)
(0.02212878764271409 0.022579251527396493 -0.02442335733680175)
(0.0001432899111724041 -6.863177206686453e-05 -2.725274674926911e-06)
(0.009207978225094724 -0.009401012997924247 -0.010173506794775182)
(-0.0020106373794128943 0.001499241777679445 -0.000130505475041556)
(0.038111857011631306 0.032833738427223466 -0.027167277852293014)
(-0.00015143893032562762 0.0007159488359655672 0.0013745633325328497)
(0.03206904940409379 0.031261690844037446 -0.03063224506890812)
(0.0011773936885043836 0.0004656724488492186 4.844147163469618e-05)
(-0.025082531606841055 -0.02550903159806858 -0.02744132187119647)
(0.0016311042483340109 -0.0009792713754267846 0.0008774112817007178)
(0.01912262504979825 -0.019481084332184328 0.02128294635013281)
(0.0005186231056656739 0.0001937079743320817 -3.876614578123173e-05)
(-0.006421411518917261 0.006635296926668539 0.007225430058236881)
(-0.00034091393529227915 0.00012917215036185018 -0.0003613646556560906)
(-0.029847823831554963 0.025719905855856297 -0.0213206567651961)
(0.0009583394338752791 0.0007369966600484741 -0.00044957580286194936)
(-0.025138692983200147 0.02449754540930591 -0.02404230286776608)
(0.0004209727224809426 8.686902117710777e-05 -0.0005060096552448062)
(0.01974107752286009 -0.02004694701212513 -0.0215903135066978)
(0.0005540403846544694 -9.932752213089794e-05 -2.085896749348218e-05)
(-0.014979488935057187 -0.01532442511747834 0.01676564459972387)
(-0.004187719302807668 0.0036612377897558136 0.0040506734713954854)
(-0.00624558470505487 0.006381210399450358 -0.006985854543093183)
(6.256193682748717e-05 3.163403054547411e-05 -4.604166120388518e-05)
(-0.018317119544048622 -0.01578652241830787 0.013086071969700023)
(-0.01067844863218071 0.009971037357379758 -0.009134648132753602)
(-0.0154303644336764 0.01503700043494794 -0.014758391530905924)
(0.0002072657811121743 6.856627869917875e-05 3.261019225824252e-05)
(0.012118628521516569 0.012305500680947294 0.013254822679440077)
(0.0004755345157652424 0.00011767827241945483 4.0432053259111546e-05)
(0.009208098270054152 -0.009395725960126028 0.01027948690725533)
(0.00043937135147250846 -0.00022584797886789843 0.0002245629779488477)
(0.0036333757071039313 -0.0037885178412170803 0.00414590182664681)
(0.0005818633605043227 -0.0008694739524059506 -0.00016347104368091562)
(-0.06663253082344699 0.05028739406263679 0.024505470670779454)
(0.0003401164901917064 0.00013812324586156766 0.00022435908548132513)
(-0.05611796836218834 -0.04787608900311238 -0.02763267053847321)
(0.00011603619898740308 -0.0011142419332027457 -0.00017201080853629705)
(0.04393291705355187 0.0386207592474836 0.024722711488121708)
(0.00010496918321434276 0.0024987394564286126 1.1101220147438676e-05)
(0.03349811209416512 0.02995412736819676 -0.01926797685847994)
(2.6995347725496012e-05 0.0004771134386476134 5.1273322546617916e-05)
(-0.013946218264022798 0.012471991561254765 -0.00802880145232246)
(0.0023223650177276634 0.0014950058934543782 -0.0011317565402362835)
(0.06272257062539227 0.04888882834273301 -0.02552132373002141)
(-0.0002678188005072021 -0.0005279789922148343 -2.867680009147101e-05)
(0.052827452212641964 0.046539955008937865 0.028769944782321713)
(0.0017281108811128844 0.0021032571178554228 -0.0009446652382000927)
(0.041460512852646784 0.03800095210307915 0.0258174179130619)
(-7.461342456537927e-06 -0.0005353025470935291 -4.438695087151316e-05)
(-0.03151638244236731 0.029160897361508023 0.02005088601565913)
(-6.39823911639409e-05 -0.00012971697578554431 -1.3976289327592993e-05)
(0.013135157217712315 0.0121428009160764 0.008361811021573106)
(-0.0002441631832112994 -0.0003247309936693752 -0.00029716264228498975)
(0.05954993510541661 0.04850528577948445 0.028506067877228928)
(0.0015403797683876427 -0.000365401098202879 0.0015323212143863155)
(-0.04993276942929021 0.04586800886657278 0.032087668982403415)
(-0.00021406032546347339 0.00045037297018123243 0.0003237072366700421)
(-0.03520700833564028 -0.02471504462444524 -0.027479846092231097)
(-0.028881800033741342 -0.028864977389657626 0.021773417858986555)
(0.029882631128251867 0.028868836936340708 -0.022398449786436087)
(6.630541531210346e-05 -0.0005362064194686813 6.688959997786451e-05)
(0.01246497988017492 -0.012032937863625453 -0.00934924977638026)
(0.0008337875200200856 0.0009829565843089405 0.0007989248611601428)
(0.0033472178319546935 0.0035681289684688765 -0.0009821404400867212)
(0.0003575569991361723 -0.00017368854935726117 -0.0004347049441873756)
(0.04709950393926586 -0.04490552802494557 0.03622573383938605)
(0.004030223331371469 0.033398567205166686 -0.019276619452611346)
(0.025236171087621613 -0.026608609358915732 0.026663265326128935)
(-0.0002510781620619453 0.00031383258232104436 4.449361017929587e-05)
(0.028119229952621467 -0.028119120757456068 -0.025261121291233604)
(8.178762882146824e-05 0.0009018919225391748 -0.0002216684840201319)
(-0.011706402156689664 -0.01170865080695307 0.010525677908047969)
(-0.00039041566168567904 0.0001515655547765248 0.0008711268639066272)
(-0.04932211045915639 -0.04247537054584582 -0.03260478376937557)
(-0.0006090282388426653 0.00029544196507992534 -0.0008685477028745766)
(0.04151700180566619 -0.03374504040811353 0.02122863563230751)
(0.017608765019166122 0.009908482169113983 0.025356003551238845)
(0.032631899097276935 0.033114540481203526 0.03303996692806126)
(0.0011688635878317687 -0.00046359897027185127 -0.0009689720704383402)
(-0.024766104946053795 0.025288942385305862 0.0256243804016187)
(-0.0006301205263406089 -0.00020124574132684089 0.0004724432313834084)
(-0.010325896316487285 -0.010529197441092689 -0.01068809164571675)
(0.00014138846991197762 0.00017524638662540435 -0.0010262757367030095)
(0.04393022357311539 0.03816655780588523 -0.03141194220054858)
(-0.00041716530385051343 -5.9217462360122884e-05 -0.0015283644420646496)
(-0.01690406341472851 -0.028489506703183506 -0.033182740155497555)
(0.02760620324081019 -0.03207627704274737 -0.003967316269024266)
(-0.029056230579092016 -0.02975030148161761 -0.03180645290668273)
(0.0007720475784381989 0.0004413162104776012 0.00015149907535247448)
(0.0220777871218929 0.022740925677318145 -0.024695660912592652)
(0.0005648291004688974 -0.00010006572202919885 0.00027427342406688453)
(0.009191309570129525 -0.009469496538175559 -0.010289776755212372)
(-0.0013074810027054182 0.0010276769839742334 -0.00025831159007231913)
(-0.039363889736395805 -0.034319247611721705 0.029126799113919924)
(-0.0009553154896786372 0.0011730994220085712 0.0016957819221807531)
(0.03318902868634249 0.03271529925369812 -0.03283677170628259)
(-0.0012753798591828899 0.0009923986212925613 -0.000589838820217835)
(0.021699401039273435 -0.025767937008317175 -0.019852571221069693)
(-0.0005849393547495312 -0.0009243530851598043 0.0008773951176248553)
(-0.019810406313487322 0.02046483659725602 0.022902924826302122)
(-0.00034498028401391064 -0.00033712832982913516 1.8074723537159792e-05)
(-0.00821748657505368 0.008507696057851007 0.0095206543763769)
(0.0074091363414460895 0.0061964187523620325 -0.006209451903112851)
(-0.0339630741034716 -0.029647155275071196 0.025441519338594388)
(-0.0006872887729101414 0.00047257980036116075 -3.9679728811347546e-05)
(-0.028715936322360348 -0.028341250038638216 0.028727123231512223)
(0.0009548580323594444 0.0006234918897366255 0.0002483985001016439)
(0.022558405654573236 -0.023186123708991167 -0.02577652490459718)
(-0.00039211143133959214 6.841739646983432e-05 -0.00010040494717720777)
(0.017141986379699468 -0.01772970425690428 -0.020031914431770107)
(-0.00032082903819729907 -9.301707580532497e-05 0.00016721330877155684)
(-0.007138121494966804 -0.007383320236176165 -0.008346891995737488)
(0.0010393266230504818 0.0010453591612349844 0.001743107664067729)
(-0.026711568634880067 -0.023311353618470945 0.019993433275637587)
(0.0016486230879243545 -0.0012340484233149423 0.0004031058418242068)
(-0.02249744210076452 0.02220322030098048 -0.022532743463056875)
(0.0003040948877570538 -0.0001866367924589478 -9.80235689301668e-05)
(-0.01766890469399853 0.018169480504298386 -0.02024365284565093)
(0.0005420850499436593 0.0004057308758161206 0.00035832157978460145)
(-0.013425574316821405 -0.013888115111767714 -0.01572075780628954)
(0.0006724677450918726 -0.0010987390738954005 -0.0012113006242158424)
(0.005579504187125683 0.005778536444261771 -0.006543606022903392)
(-3.879485057321862e-05 7.708379127774845e-05 0.0007279586625876346)
(-0.016396275342731557 0.014309119658887372 -0.012274984142829513)
(-0.00016636677914352432 -7.889479217919562e-05 9.518879195559035e-05)
(0.013807378230206745 0.013628242630994962 0.013841413529519671)
(-0.00043305315390353345 0.0003224718755132649 0.00020384178632371327)
(0.01084281634270174 -0.011152146456478168 0.012429067090528245)
(3.9020770877416455e-05 4.1483256572791275e-05 -9.114792893518913e-05)
(-0.00824265545746675 0.008525530780681433 -0.009651622681603344)
(0.00019781893847202112 -1.8490421150021726e-06 1.9415256382887495e-05)
(0.003426426149721354 0.0035501440710917938 -0.004021734581937804)
(0.00021634813954054952 -0.0003129190633951632 -0.00016461110950671305)
(-0.058724865623098366 0.04450846247515485 0.02195586554509175)
(-0.0011620784238421788 -0.0013355731533680317 0.0003316011430561238)
(-0.04945007768148484 -0.04234308324831412 0.024755977300514535)
(0.0010301362084592812 0.0017195195559762306 0.0004098999175016411)
(-0.03884335703325594 0.03468997542986767 -0.022232250749209717)
(0.0003878377674877415 -0.0009754099256000375 0.0002456665159581942)
(-0.029523224891738736 0.02638225361683064 0.017264052066540247)
(0.0009353810913824368 0.0003865502717595762 0.0005152365108403152)
(-0.012287386126097359 0.011041872590056614 0.007191706887730406)
(-0.00010274021637689886 -7.010349778326791e-06 -0.0004517138081410175)
(-0.05529712180999716 -0.043317297349050723 0.02283890464277552)
(-3.543000831683214e-05 0.00042735183259984174 -0.00020358116913333222)
(-0.046583487397773925 0.0412581571670824 -0.025783522482919406)
(1.3220347045696802e-05 -0.00034638465745026966 -0.00012282203202900046)
(0.03658448665903681 0.033754203578924745 -0.02315414774815809)
(1.7740209827871068e-05 -0.0014970356437250059 -8.679109647132847e-05)
(0.02779159690404426 0.025804927450840016 0.017973380335639905)
(-7.912433592026484e-05 -0.000808708696952399 -0.00011632322779143363)
(-0.011575731273541104 -0.01074633429160466 -0.007491808187190455)
(0.0013243920207717376 -0.0013130142142736697 3.575865854272185e-05)
(0.05248794716167185 -0.04292907497139527 0.025565088315353406)
(0.00023536805705288668 9.04155285378333e-05 0.0002028594428171731)
(0.04420203068586838 0.04087151499724984 0.028828671057160683)
(-8.590088316831053e-05 -0.00020696523156475674 -0.00015277135775498198)
(0.034717417502358995 -0.03345886770744929 0.02588659182708407)
(-0.0009047943031136282 0.0006128681101660447 0.000585094002639337)
(0.02638820588546955 0.0255720122190077 0.020103232519650068)
(0.0006794330782631654 -0.0005475273331571435 0.0003847448437023315)
(-0.010979621812459735 -0.01064889178464066 -0.008374391594059241)
(-0.0007802101595906137 0.0007511793557486508 -1.8361958316346297e-05)
(-0.04924216305736722 0.041750696830669225 0.028699927733772553)
(-0.0027062531455050716 0.001972296708253798 0.00233635941451785)
(0.0414820276138425 -0.0397385954645043 0.03243616828217913)
(-0.0006544560180818547 -0.0018377009231558342 0.00010430272386315959)
(0.0318683696397372 -0.016912176099689563 0.029141277817043502)
(-0.00019285132610704899 0.0013180486752096983 0.0003565566895862068)
(-0.024782416350427494 0.02488164259653603 0.022632891903448225)
(-0.0002894517003602895 0.000593898760716634 2.7320527246852714e-05)
(0.010317339954748673 -0.010360294978908242 0.009430643277135416)
(-0.0003411087033288584 -0.0005060620459426593 0.0003728401886110584)
(-0.04346796812545301 0.037598249817380386 0.029179495930833153)
(-0.000513525970305086 -6.988741836868589e-05 -0.0013687797796381185)
(0.03661964828874524 -0.03581333229639858 0.03295725475405527)
(-0.0009241740347619331 -0.0014270978459923881 0.0005858975303829842)
(0.02875799105011386 -0.02929223970890321 0.02960333551185913)
(0.0009493346587044852 -0.011241701977928014 -0.0033535755046587485)
(-0.021859691660564222 -0.022402592261847168 -0.022988246789465632)
(-0.003105271244930243 -0.0023526200529752996 -0.0029954523303454706)
(0.009100419666782449 -0.009328552918830864 0.009578610389351757)
(0.0025214925012908094 -0.002007477034165458 -0.002468538219566308)
(0.03868481679046544 0.03375694534090219 0.02809259737606362)
(-5.5935914603632107e-05 0.00012607708841276625 -0.00011916357765396242)
(0.03259796267106833 0.03215653125710495 0.03173060652266782)
(0.027918961417938332 -0.025814251108186085 0.030335971772135383)
(-0.023766007708891257 -0.008261601077167221 -0.018733073899188244)
(0.00021465776321417213 0.0004856351322797011 5.493696502948187e-05)
(-0.019465123966683776 0.02011391498835276 -0.022126408739401665)
(-0.00041000393800344443 2.0198372507690505e-05 -0.00032936853674398175)
(-0.008101789501340042 -0.008381047286732673 0.009220209615744013)
(-0.0007751288211918777 0.0006845134490697452 0.0005949965402262353)
(-0.03472920433971538 -0.03039943070768553 -0.02606465837470925)
(5.0993434409727894e-05 -0.00023127960553793924 0.0005290118948794143)
(0.029248813852400673 -0.028950839537789357 0.029424481166053732)
(0.00781315785583973 0.0032574184395466493 0.0038136305996847703)
(0.012018364246116265 -0.008668738782812204 0.026425660946704635)
(-0.0007113413952893676 -0.0013998321538645237 0.0011857665335215464)
(-0.017459820322968084 0.018111264836161815 -0.020520011598030158)
(0.00012000502967735358 -5.599948176069326e-05 4.3786848962599057e-05)
(-0.00726725521192906 -0.007540630562353085 0.008550377038220933)
(0.0017636462746219942 -0.0013897542099906355 0.00047663768890741025)
(-0.030053070442503695 0.026334041507660815 -0.022825910891552847)
(0.0004004396400414583 -0.00024133625299618266 -0.00019222419508124639)
(0.02501655316272186 -0.02507973853233566 0.017515788223775433)
(0.020398456790281235 0.016110579169399588 0.0027918381104948794)
(0.019880886438330678 -0.02052896311400373 0.02311330081193946)
(0.0001714961616754018 0.0004564997255295432 -0.00041255210555858146)
(-0.01511033030119694 0.01569218418839892 0.017948323563943564)
(0.00015361600409108668 -8.2729519043144e-05 -7.625781941652232e-06)
(-0.006290924385540506 0.006524053830939007 -0.007471587238300198)
(0.0020087050868180735 0.0015883275416333185 0.0006569748953968832)
(-0.023255728189158255 -0.020395545772194233 0.017800617932610802)
(-0.0005042924676941258 0.00026466023098253394 -0.0005417490177832307)
(-0.01982792365994032 -0.019651178247535164 -0.020200094152912247)
(-0.0004357024484522341 0.00029075493429940596 1.852664531258643e-06)
(-0.015568070113742002 0.016078623427877355 0.018138612571314255)
(0.00012644657663626362 -6.72382460876616e-05 0.0001930764547783077)
(0.011834881658679361 0.012292692172605682 -0.014085841478987449)
(0.00024386499666840462 0.00016049624578825503 -1.4225747322758005e-05)
(-0.0049273873941291565 -0.0051180527558305836 -0.005869044325969097)
(-0.0020694583496398316 0.001684255961171541 0.0005599175179879878)
(-0.014449203230996344 -0.012663363507273774 0.010998051781049178)
(-0.0004005596246153502 0.0003313718591195306 0.0001232651738140777)
(-0.012168702014353626 0.012059674253645588 0.012397041833934322)
(-0.0016337772370782588 -0.0015560382345773983 0.0015049414815694515)
(-0.009557560499476186 0.009870985997350135 -0.011136506100944406)
(3.3217633671668086e-05 0.0001594560813150632 0.00026200160005893477)
(-0.007264682694690628 -0.0075448225785262725 0.00864627442047907)
(3.9755815162328576e-05 0.00038469142032089505 -0.0004886983283480701)
(0.00300025202639638 0.003139976100440092 -0.0036000575653270563)
(-0.00036040826547849503 0.00021031952877210205 -0.00033294297224099797)
(0.0482620846271578 0.03660863119847449 0.018117669606400197)
(-0.00010859133723818878 0.00045209702183041946 -3.206573053991139e-05)
(0.0406505895638164 0.03486236621916253 0.02042939028164404)
(-0.00019700503942811612 0.0005712168899867365 0.00019814439438439765)
(-0.031923945337139055 0.02853577035226432 -0.018345598624466927)
(0.004046088563572075 0.006198195475531808 -0.0022895604073475996)
(0.02424554926553157 0.021738589961132586 0.01423602718201186)
(-6.774569611292275e-05 -0.001301071117108952 6.394102388906786e-05)
(0.010009361777749342 0.009072959466464532 -0.0058863370830858856)
(-0.0004459150288536191 5.2482038607615026e-05 -0.000573404913971953)
(0.045456108990364986 -0.03563706782170513 -0.01886649543441173)
(0.00014845274105494533 -0.0003564763882893375 4.8233070567106565e-05)
(-0.03828646217867772 -0.03393817705094366 0.02127626432739984)
(0.001001081007595877 -0.0005617847069172516 0.0007013525518783355)
(0.030068222274865348 0.027773730357349865 -0.019106408339801137)
(-8.125312502367147e-05 -0.0010705618143477076 1.3026026329627943e-05)
(0.02283530232468631 0.02119117800369674 -0.014824690144739201)
(0.0036028006542065537 0.005155850241216756 -0.0024055908392457684)
(0.009506783235449678 0.008841729896693656 0.006178076468081001)
(0.004617274617063123 0.003962266155007029 -0.0012635366441632538)
(-0.04312441967222041 0.035301784858833334 0.021093690838869892)
(-0.0003541662679508614 0.0007387109516203779 9.940741946015107e-05)
(0.036333964835774675 -0.03363922592049634 -0.02378903626669538)
(0.0008275675564920538 -0.00029823191456597984 0.000781494488099943)
(0.019066491838768584 -0.017872605516197893 0.014418639358287317)
(0.000367423913576112 -0.0004131444059002798 -0.000367842724588947)
(-0.02168813162427344 0.02101467035304381 -0.016588940197566873)
(0.0006942171434635873 -0.00013511834427811555 -0.0005086922256796795)
(-0.00902915100808212 0.008762149974756894 0.006912200179976626)
(0.00035861220483968445 0.00041140327836987226 -0.00011248185899978746)
(-0.04051311655031492 -0.034365487168272424 0.023740326097638712)
(-1.4884740376969085e-05 0.00011056774248579138 0.00013122778051459182)
(0.03412212929915498 -0.03272817799040498 0.02678249159764804)
(0.00027006083893578106 0.0008399111610811241 4.432826531352509e-05)
(0.026797281467915275 0.026780304856781283 0.024050781815373474)
(0.00017069782805677902 -0.00011591236592028588 -0.0001979771636847905)
(0.020094184715090634 0.020428055276602915 -0.018441054189366684)
(0.00010492772055339219 -0.000696484024067007 -0.00015185837682730164)
(0.00847888067551584 0.008526211135307557 -0.007781440720797065)
(7.859140875001972e-05 -0.0003064484431704256 0.0008567647107696775)
(0.03572241314314494 0.030916382624941122 0.02412127984377433)
(-0.00011069576059108036 8.911024390332145e-05 0.00037822273249215607)
(-0.030096227129690012 -0.029448130600301357 0.027202116525702372)
(-0.00010708070674585625 3.067149687282051e-05 0.00020807598188539312)
(-0.023637579443229494 -0.024110910147603255 -0.024427881472483152)
(0.0003799670630157289 1.498973492436252e-06 -0.0005569106951899166)
(0.016630099643583557 0.00042837481831585906 0.017824526657553304)
(-7.008245360823702e-05 -0.00015817841334362504 3.0505649158439473e-05)
(0.007416314573045003 -0.007636081418176054 -0.007842149692645548)
(-0.00012390750409127196 -2.5478479558993393e-06 0.001155466071637098)
(-0.009388880069041854 -0.008028128597863823 -0.007218615458641664)
(-0.0028092226347035958 -0.0029881038469533505 0.0014766801534848023)
(0.026800879527973144 -0.02646683046496866 -0.02618724170088358)
(-0.00068665526888685 0.0008418546204504838 -0.0006052244099712678)
(-0.021049262582669603 -0.021660493541034827 -0.023516311952059214)
(-0.0008794375704603276 -0.0007639362925812208 0.0010759829526947886)
(0.01440621473544412 -0.005944715639947594 -0.017049479845301113)
(-0.00010623704566161794 -7.357639932933536e-05 6.163652819603857e-05)
(-0.006640502639664023 0.006884626162769465 -0.007588488436451147)
(-0.0022266424673733818 -0.0020404744831264655 -8.608466693780503e-05)
(-0.028536534458514243 0.025000808255364333 -0.021534547829919655)
(-0.0016442127347847011 -0.0018137541742541462 -0.0002727192249464658)
(0.024035497626340805 0.02381431184434055 -0.02428061313352468)
(0.001067494548396078 0.001277335339976205 0.0008075610071010511)
(0.01887784117615947 -0.019480710125549427 -0.021804524556412238)
(-4.262111645414904e-05 0.00042625706233295556 0.00013228742679438963)
(-0.014179736199285033 -0.004587082013921552 -0.01693235541759156)
(0.00012009914231153073 -1.4877685376521792e-05 7.604475044675172e-05)
(0.0059737835543637 0.00620373048313556 -0.007055503912428372)
(0.0043748921740845315 -0.0035805682911530835 0.0037662561085165503)
(-0.02470472233093861 0.021667684422529858 -0.018835024476981023)
(-0.003289827581204736 0.003216112066762874 -0.0021941444706732307)
(-0.02080778518322599 -0.020638441792558946 -0.021230113024901444)
(0.006024880916887652 0.004367948702947123 -0.017033243261671594)
(-0.005499794740276632 -0.009931863880279104 -0.01830273088305767)
(-0.0010828338122181205 0.010642910849756725 -0.009238465385538887)
(-0.012420113942575644 -0.012909045098198197 -0.014810402124402584)
(-6.052046075976406e-05 -0.00010952975954822995 3.673528535136961e-05)
(-0.0051705879013598235 0.005375965221230082 0.006171058697247343)
(-0.0007039093879283063 0.0005591334513705684 -5.875783822518501e-05)
(-0.019157832822195287 0.016810461443282878 -0.014770374816580155)
(0.00026896207497749457 -0.00022061855624737122 -0.00015413951202217723)
(-0.016288347018201556 0.01615814667071544 -0.016668688615152704)
(-0.0001633303518372709 5.99829062126301e-05 -0.000331134691855989)
(-0.012796823674397061 -0.013229419454505998 -0.014968530162043787)
(0.00099165704835304 -0.0009686314575537681 -0.0009610433442406378)
(0.009721418765572998 -0.0003033281236144689 0.00930519298275944)
(0.0036987547970031335 -0.00020329601867155597 0.002876117837010622)
(-0.00404973100835914 0.004210830263825974 -0.004843065262650084)
(3.318594249876375e-05 1.836655170019609e-05 -0.000410811901918943)
(-0.011876450697533176 -0.010418844625458338 -0.009060410339991637)
(-0.00021531318093333043 -0.00017371267590933435 3.533846438183399e-05)
(0.010002799895618482 -0.009923626781625595 0.01023313715998306)
(0.00012902215695242538 -9.517402070569639e-05 -1.884039360192122e-05)
(0.00785565637073935 -0.008120912601804309 -0.009188150919880575)
(2.3036111385733602e-06 -4.249377833879529e-05 -0.00013325012316124573)
(0.005970695802299977 0.0062077092966353765 -0.0071359975025203325)
(-0.00018483998117234043 0.00010791342308538158 -0.00010053259558823592)
(-0.002483748467069337 0.002584955364331302 -0.002973383620937757)
(0.0003279026537196231 2.309253950340898e-05 0.00030183925705834096)
(-0.03341610534730859 0.025354645834776136 0.012550261654631334)
(-0.0005543762421125101 -0.0001554023420015372 -0.0003496128048115702)
(-0.028144439325024025 -0.024147729556915923 -0.014151519821518249)
(8.537205135249212e-05 0.0002614730636195028 -1.5654714504249704e-05)
(0.022103059358625783 0.01976100234162742 -0.012707943031161247)
(0.000525901930439321 0.0002767823405033653 -0.00033653826810526216)
(-0.016799605216634164 0.015102203443160945 0.009868141235719483)
(0.00022412650463510289 -0.00041190321019753584 -0.0001472901602036546)
(-0.00667816654735797 -0.005655688324238094 -0.0039231805553226855)
(-0.0010487447022688098 -0.0010755454674194389 -3.650269633808959e-05)
(-0.031472890711698016 -0.02467276686208608 -0.013067431285569153)
(0.0003944251694969855 -7.778242708323143e-05 0.00034963012957222933)
(0.026493276130595662 0.023479794918274413 0.014733976972833105)
(-0.0001545241827379661 -0.00018907836745357386 -0.00020051340698092968)
(-0.020802863610383315 0.01918094639651137 0.01323053683840953)
(-0.00021261210138732496 -0.0004573375555160303 -0.00020609587177648122)
(0.015820421262899138 -0.014702624219505628 -0.010275758658105)
(0.0002062447811675556 0.0004026596579592405 -0.00014751328310806764)
(-0.006567017887472845 -0.0061222918077620415 0.004269922099222171)
(0.000467964648773709 0.0005102083877145945 -7.242568249662623e-05)
(0.029803810835913953 -0.024423789494638925 0.014549333252035716)
(-2.1600628920733207e-05 -0.00017255118317435872 -8.604484266709037e-05)
(-0.025126680695836446 -0.023251510533658447 -0.016465699943522028)
(0.0004312214643935045 -0.000627545668252694 -0.00020801632657899076)
(-0.019756042322172474 0.01906140682793431 -0.014798070822469893)
(-3.791064702855464e-05 0.0003142055056120184 -1.6753811624802733e-05)
(0.015014416524635442 -0.014569959483650797 0.011489234572038286)
(-0.00010387697410636566 0.000999128690774979 -5.980123828970139e-05)
(0.006245546741418947 0.006061230361745519 -0.004784214468554158)
(-0.000330874998012368 -0.0003294509391954427 4.808802652166789e-05)
(-0.028042361869803713 0.023784251089305028 -0.016452810659726976)
(0.00013399693027388987 2.0274802347173197e-05 0.00018612236074886304)
(0.023624665208287435 0.02265645844238431 -0.018550639936775335)
(-4.571569585561608e-05 0.00028846015889291097 -0.00020113057358124952)
(-0.01855353131478754 -0.018545199642280984 0.016660185419357033)
(3.9981898846833195e-05 -0.00022521222113303126 -4.03237599705782e-06)
(0.01410175983689404 -0.014170165488220351 0.01293724993941164)
(0.0010677773673009872 -0.00041183794604994473 0.0010163447601589236)
(-0.005869716820231998 -0.005901259747317696 0.005389815860937454)
(2.0202656523422924e-05 -0.0001040258051829138 -0.00035183204926842333)
(0.024740901973748404 0.0214179734518802 -0.016711071524920976)
(-0.0007919950553498561 0.0009378724955461338 0.0003582830239902459)
(-0.020555930701853627 0.020159942410115286 -0.018550108619229507)
(0.00014938052787409988 0.0003508149796885245 2.8129477757317805e-05)
(-0.016348804594581906 -0.01669046639783196 0.016896872628414838)
(-2.3088660554697515e-05 -0.00014390607762348394 7.994522216056832e-05)
(-0.012436104562723838 -0.012722747294794468 0.013138982727100571)
(0.001638767434327315 0.0005648131881214764 0.00167087880500995)
(-0.005175245513662517 0.00531316407457197 0.005472462379976491)
(0.0003365530999114674 -0.00015212226911954618 0.0005849087728265448)
(0.02203268327273034 -0.019243790109581806 0.016086154882413325)
(0.0002606409251243802 0.0003434935355496309 -2.329600632058948e-05)
(0.01855592678481321 0.01832580790086242 0.018140185105804785)
(-0.0003762438680881221 0.00027182131459307533 0.0005156006116955514)
(0.01457224563890021 -0.01498573840795474 -0.01628982265913153)
(5.056834768247772e-05 -6.787210883046167e-05 0.00012731074201600192)
(-0.011075667256154739 0.011458345542005928 0.012649352572730137)
(-0.00013781461209948592 -0.0009666840870621429 -0.00010566029726992715)
(-0.004611384770244871 0.004772051584336011 0.005270646056965262)
(-0.0015461889772300156 0.0013263758318899945 0.0003479075595098646)
(-0.019757914002817446 -0.017312587006862678 -0.014917134255611832)
(0.0001738033796538562 -0.0001235689572852025 0.0002471527695882977)
(-0.016642066237765107 0.016490477308100885 0.01682069837205149)
(-0.0001222361149752509 0.0002565161980950069 -8.175852200798585e-05)
(-0.013071421677786728 -0.013497183465362276 0.015104704983309994)
(-3.5445178806351876e-05 -0.00015601751112154298 0.0001687800830130083)
(0.009933708708399542 0.010314525075092293 -0.011728627937009068)
(-0.00010907329983195485 0.0003657343523827228 5.107119708484375e-05)
(-0.004134887223615114 0.0042962215942955176 0.004886340863204801)
(-6.45372453585713e-05 -3.384392218139729e-05 0.00045007524368422604)
(0.01710110796718086 -0.01500014737198906 0.013047330209155127)
(0.0001744641801954758 0.00024323029376867276 0.00017982327518497638)
(-0.01440406827535732 -0.014289787763469217 0.01470478275265062)
(-8.104440407283896e-05 -0.00014054793145263137 4.7130310584571405e-05)
(-0.011312612888923657 -0.011692569152898983 0.013211451286860076)
(-5.349863150704642e-06 -7.919984642607375e-05 0.00010796072188882529)
(-0.008599268033213302 -0.008938724167712771 0.010258741293655527)
(0.0002442145486450877 7.435010856908817e-06 -0.0003219553050182493)
(-0.0035797800906425124 0.0037225631604202144 -0.004274630759118698)
(-0.0005142834811192188 -0.00038835606114901626 -0.002098881418698382)
(0.013395502772450291 -0.011752319049714894 0.010232596810516038)
(-0.0002226910995759196 0.000253180714445915 -0.00018954418741884082)
(0.011155236832774277 -0.0110516278290734 0.011502819562617051)
(-0.000363451899633788 -0.0004187024017374061 2.9531360162624085e-05)
(-0.008859785001562731 0.009157582151762962 -0.010365517870850034)
(3.332055542397355e-05 -5.4260972368088905e-05 -5.906551504028524e-05)
(0.0018101804750207992 -0.001490654098161075 -0.0068358537044442315)
(2.1657596168507596e-05 -7.23113382097147e-05 2.7713753796886252e-05)
(0.0028038133495200688 0.0029156513206319732 0.0033549700842229755)
(-0.0012738053273119165 0.0010326662162700622 4.966903941401314e-05)
(0.008163667262773386 0.007164322537350449 -0.006278048876121809)
(0.0003402991385030857 -0.0002980326187997071 8.230596618868301e-05)
(-0.006919795960911214 -0.006866145830876976 -0.007087417011326523)
(0.00041476238112908093 0.0003996909365123925 0.00017618804855882555)
(0.005365447279971711 0.005552510061194262 0.006313863976107695)
(7.277294501730916e-05 6.122007602910161e-05 -7.22943223280903e-06)
(-0.004128366519645877 -0.004292232452033202 0.0049335063916472344)
(2.334463004677883e-05 6.04190426905569e-06 8.875968168760444e-06)
(-0.0017208825085274636 -0.0017899128726119016 0.0020596946672594156));
